/*
Navicat MySQL Data Transfer

Source Server         : localhost_3306
Source Server Version : 50087
Source Host           : localhost:3306
Source Database       : db_z0caizhuangs

Target Server Type    : MYSQL
Target Server Version : 50087
File Encoding         : 65001

Date: 2023-12-15 15:18:45
*/

SET FOREIGN_KEY_CHECKS=0;

-- ----------------------------
-- Table structure for `t_admin`
-- ----------------------------
DROP TABLE IF EXISTS `t_admin`;
CREATE TABLE `t_admin` (
  `adminId` int(11) NOT NULL auto_increment,
  `adminName` varchar(255) default NULL,
  `adminPassword` varchar(255) default NULL,
  PRIMARY KEY  (`adminId`)
) ENGINE=InnoDB AUTO_INCREMENT=2 DEFAULT CHARSET=utf8;

-- ----------------------------
-- Records of t_admin
-- ----------------------------
INSERT INTO `t_admin` VALUES ('1', 'admin', 'admin');

-- ----------------------------
-- Table structure for `t_bumen`
-- ----------------------------
DROP TABLE IF EXISTS `t_bumen`;
CREATE TABLE `t_bumen` (
  `bumenId` int(11) NOT NULL auto_increment,
  `bumenName` varchar(255) default NULL,
  `bumenMark` varchar(255) default NULL,
  `bumenMark1` varchar(255) default NULL,
  `bumenMark2` varchar(255) default NULL,
  `bumenType` int(11) default NULL,
  `bumenType1` int(11) default NULL,
  `bumenType2` int(11) default NULL,
  `bumenDouble` double default NULL,
  `bumenDouble1` double default NULL,
  `bumenDouble2` double default NULL,
  `buyuanId` int(11) default NULL,
  `buyuanName` varchar(255) default NULL,
  PRIMARY KEY  (`bumenId`)
) ENGINE=InnoDB AUTO_INCREMENT=7 DEFAULT CHARSET=utf8;

-- ----------------------------
-- Records of t_bumen
-- ----------------------------
INSERT INTO `t_bumen` VALUES ('1', null, '化妆品类型一', null, '彩妆化妆品1', '0', '1', '1', '60', null, null, null, null);
INSERT INTO `t_bumen` VALUES ('2', null, '化妆品类型二', null, '彩妆化妆品2', '0', '1', '2', '80', null, null, null, null);
INSERT INTO `t_bumen` VALUES ('3', null, '化妆品类型三', null, '彩妆化妆品10', '0', '1', '10', '55', null, null, null, null);
INSERT INTO `t_bumen` VALUES ('4', null, '化妆品类型四', null, '彩妆化妆品11', '0', '1', '11', '65', null, null, null, null);
INSERT INTO `t_bumen` VALUES ('5', null, '化妆品类型五', null, '彩妆化妆品12', '0', '1', '12', '75', null, null, null, null);
INSERT INTO `t_bumen` VALUES ('6', null, '化妆品类型一', null, '彩妆化妆品8', '0', '1', '8', '25', null, null, null, null);

-- ----------------------------
-- Table structure for `t_buyuan`
-- ----------------------------
DROP TABLE IF EXISTS `t_buyuan`;
CREATE TABLE `t_buyuan` (
  `buyuanId` int(11) NOT NULL auto_increment,
  `buyuanName` varchar(255) default NULL,
  `buyuanMark` varchar(255) default NULL,
  `buyuanMark1` varchar(255) default NULL,
  `buyuanMark2` varchar(255) default NULL,
  `buyuanType` int(11) default NULL,
  `buyuanType1` int(11) default NULL,
  `buyuanType2` int(11) default NULL,
  `buyuanDouble` double default NULL,
  `buyuanDouble1` double default NULL,
  `buyuanDouble2` double default NULL,
  PRIMARY KEY  (`buyuanId`)
) ENGINE=InnoDB AUTO_INCREMENT=4 DEFAULT CHARSET=utf8;

-- ----------------------------
-- Records of t_buyuan
-- ----------------------------
INSERT INTO `t_buyuan` VALUES ('1', '特价', '特价', null, null, null, null, null, null, null, null);
INSERT INTO `t_buyuan` VALUES ('2', '进口', '进口', null, null, null, null, null, null, null, null);
INSERT INTO `t_buyuan` VALUES ('3', '高端', '高端', null, null, null, null, null, null, null, null);

-- ----------------------------
-- Table structure for `t_ggtype`
-- ----------------------------
DROP TABLE IF EXISTS `t_ggtype`;
CREATE TABLE `t_ggtype` (
  `ggtypeId` int(11) NOT NULL auto_increment,
  `ggtypeName` varchar(255) default NULL,
  `ggtypeMark` varchar(255) default NULL,
  PRIMARY KEY  (`ggtypeId`)
) ENGINE=InnoDB AUTO_INCREMENT=4 DEFAULT CHARSET=utf8;

-- ----------------------------
-- Records of t_ggtype
-- ----------------------------
INSERT INTO `t_ggtype` VALUES ('1', '类型一', '类型一类型一类型一类型一');
INSERT INTO `t_ggtype` VALUES ('2', '类型二', '类型二类型二类型二类型二');
INSERT INTO `t_ggtype` VALUES ('3', '类型三', '类型三类型三类型三类型三类型三');

-- ----------------------------
-- Table structure for `t_gonggao`
-- ----------------------------
DROP TABLE IF EXISTS `t_gonggao`;
CREATE TABLE `t_gonggao` (
  `gonggaoId` int(11) NOT NULL auto_increment,
  `gonggaoName` varchar(255) default NULL,
  `gonggaoMark` text,
  `gonggaoImg` varchar(255) default NULL,
  `gonggaoImgName` varchar(255) default NULL,
  `gonggaoDate` datetime default NULL,
  `ggtypeId` int(11) default NULL,
  `ggtypeName` varchar(255) default NULL,
  PRIMARY KEY  (`gonggaoId`)
) ENGINE=InnoDB AUTO_INCREMENT=8 DEFAULT CHARSET=utf8;

-- ----------------------------
-- Records of t_gonggao
-- ----------------------------
INSERT INTO `t_gonggao` VALUES ('1', '资讯信息1', '<span>发大水发大水发的说法发的发打发的撒发生大范德萨范德萨发的撒的说法地方撒地方撒范德萨范德萨范德萨范德萨方法都是发的说法的撒范德萨范德萨范德萨范德萨范德萨范德萨范德萨范德萨范德萨发大</span><span>发大水发大水发的说法发的发打发的撒发生大范德萨范德萨发的撒的说法地方撒地方撒范德萨范德萨范德萨范德萨方法都是发的说法的撒范德萨范德萨范德萨范德萨范德萨范德萨范德萨范德萨范德萨发大</span><span>发大水发大水发的说法发的发打发的撒发生大范德萨范德萨发的撒的说法地方撒地方撒范德萨范德萨范德萨范德萨方法都是发的说法的撒范德萨范德萨范德萨范德萨范德萨范德萨范德萨范德萨范德萨发大</span><span>发大水发大水发的说法发的发打发的撒发生大范德萨范德萨发的撒的说法地方撒地方撒范德萨范德萨范德萨范德萨方法都是发的说法的撒范德萨范德萨范德萨范德萨范德萨范德萨范德萨范德萨范德萨发大</span><span>发大水发大水发的说法发的发打发的撒发生大范德萨范德萨发的撒的说法地方撒地方撒范德萨范德萨范德萨范德萨方法都是发的说法的撒范德萨范德萨范德萨范德萨范德萨范德萨范德萨范德萨范德萨发大</span><span>发大水发大水发的说法发的发打发的撒发生大范德萨范德萨发的撒的说法地方撒地方撒范德萨范德萨范德萨范德萨方法都是发的说法的撒范德萨范德萨范德萨范德萨范德萨范德萨范德萨范德萨范德萨发大</span><span>发大水发大水发的说法发的发打发的撒发生大范德萨范德萨发的撒的说法地方撒地方撒范德萨范德萨范德萨范德萨方法都是发的说法的撒范德萨范德萨范德萨范德萨范德萨范德萨范德萨范德萨范德萨发大</span><span>发大水发大水发的说法发的发打发的撒发生大范德萨范德萨发的撒的说法地方撒地方撒范德萨范德萨范德萨范德萨方法都是发的说法的撒范德萨范德萨范德萨范德萨范德萨范德萨范德萨范德萨范德萨发大</span><span>发大水发大水发的说法发的发打发的撒发生大范德萨范德萨发的撒的说法地方撒地方撒范德萨范德萨范德萨范德萨方法都是发的说法的撒范德萨范德萨范德萨范德萨范德萨范德萨范德萨范德萨范德萨发大</span>厦', '/file/14.jpg', '14.jpg', '2023-12-15 16:09:07', '1', '类型一');
INSERT INTO `t_gonggao` VALUES ('2', '资讯信息2', '<span style=\"color:#0E2D5F;font-family:&quot;Microsoft YaHei&quot;;font-weight:700;\"><span style=\"color:#0E2D5F;font-family:&quot;Microsoft YaHei&quot;;font-weight:700;\">资讯信息</span><span style=\"color:#0E2D5F;font-family:&quot;Microsoft YaHei&quot;;font-weight:700;\">资讯信息</span><span style=\"color:#0E2D5F;font-family:&quot;Microsoft YaHei&quot;;font-weight:700;\">资讯信息</span><span style=\"color:#0E2D5F;font-family:&quot;Microsoft YaHei&quot;;font-weight:700;\">资讯信息</span><span style=\"color:#0E2D5F;font-family:&quot;Microsoft YaHei&quot;;font-weight:700;\">资讯信息</span><span style=\"color:#0E2D5F;font-family:&quot;Microsoft YaHei&quot;;font-weight:700;\">资讯信息</span><span style=\"color:#0E2D5F;font-family:&quot;Microsoft YaHei&quot;;font-weight:700;\">资讯信息</span><span style=\"color:#0E2D5F;font-family:&quot;Microsoft YaHei&quot;;font-weight:700;\">资讯信息</span><span style=\"color:#0E2D5F;font-family:&quot;Microsoft YaHei&quot;;font-weight:700;\">资讯信息</span><span style=\"color:#0E2D5F;font-family:&quot;Microsoft YaHei&quot;;font-weight:700;\">资讯信息</span><span style=\"color:#0E2D5F;font-family:&quot;Microsoft YaHei&quot;;font-weight:700;\">资讯信息</span><span style=\"color:#0E2D5F;font-family:&quot;Microsoft YaHei&quot;;font-weight:700;\">资讯信息</span><span style=\"color:#0E2D5F;font-family:&quot;Microsoft YaHei&quot;;font-weight:700;\">资讯信息</span><span style=\"color:#0E2D5F;font-family:&quot;Microsoft YaHei&quot;;font-weight:700;\">资讯信息</span><span style=\"color:#0E2D5F;font-family:&quot;Microsoft YaHei&quot;;font-weight:700;\">资讯信息</span><span style=\"color:#0E2D5F;font-family:&quot;Microsoft YaHei&quot;;font-weight:700;\">资讯信息</span><span style=\"color:#0E2D5F;font-family:&quot;Microsoft YaHei&quot;;font-weight:700;\">资讯信息</span><span style=\"color:#0E2D5F;font-family:&quot;Microsoft YaHei&quot;;font-weight:700;\">资讯信息</span><span style=\"color:#0E2D5F;font-family:&quot;Microsoft YaHei&quot;;font-weight:700;\">资讯信息</span><span style=\"color:#0E2D5F;font-family:&quot;Microsoft YaHei&quot;;font-weight:700;\">资讯信息</span><span style=\"color:#0E2D5F;font-family:&quot;Microsoft YaHei&quot;;font-weight:700;\">资讯信息</span><span style=\"color:#0E2D5F;font-family:&quot;Microsoft YaHei&quot;;font-weight:700;\">资讯信息</span><span></span><span style=\"color:#0E2D5F;font-family:&quot;Microsoft YaHei&quot;;font-weight:700;\">资讯信息</span><span style=\"color:#0E2D5F;font-family:&quot;Microsoft YaHei&quot;;font-weight:700;\">资讯信息</span><span style=\"color:#0E2D5F;font-family:&quot;Microsoft YaHei&quot;;font-weight:700;\">资讯信息</span><span style=\"color:#0E2D5F;font-family:&quot;Microsoft YaHei&quot;;font-weight:700;\">资讯信息</span><span style=\"color:#0E2D5F;font-family:&quot;Microsoft YaHei&quot;;font-weight:700;\">资讯信息</span><span style=\"color:#0E2D5F;font-family:&quot;Microsoft YaHei&quot;;font-weight:700;\">资讯信息</span><span style=\"color:#0E2D5F;font-family:&quot;Microsoft YaHei&quot;;font-weight:700;\">资讯信息</span><span style=\"color:#0E2D5F;font-family:&quot;Microsoft YaHei&quot;;font-weight:700;\">资讯信息</span><span style=\"color:#0E2D5F;font-family:&quot;Microsoft YaHei&quot;;font-weight:700;\">资讯信息</span><span style=\"color:#0E2D5F;font-family:&quot;Microsoft YaHei&quot;;font-weight:700;\">资讯信息</span><span style=\"color:#0E2D5F;font-family:&quot;Microsoft YaHei&quot;;font-weight:700;\">资讯信息</span><span style=\"color:#0E2D5F;font-family:&quot;Microsoft YaHei&quot;;font-weight:700;\">资讯信息</span><span style=\"color:#0E2D5F;font-family:&quot;Microsoft YaHei&quot;;font-weight:700;\">资讯信息</span><span style=\"color:#0E2D5F;font-family:&quot;Microsoft YaHei&quot;;font-weight:700;\">资讯信息</span><span style=\"color:#0E2D5F;font-family:&quot;Microsoft YaHei&quot;;font-weight:700;\">资讯信息</span><span style=\"color:#0E2D5F;font-family:&quot;Microsoft YaHei&quot;;font-weight:700;\">资讯信息</span><span style=\"color:#0E2D5F;font-family:&quot;Microsoft YaHei&quot;;font-weight:700;\">资讯信息</span><span style=\"color:#0E2D5F;font-family:&quot;Microsoft YaHei&quot;;font-weight:700;\">资讯信息</span><span style=\"color:#0E2D5F;font-family:&quot;Microsoft YaHei&quot;;font-weight:700;\">资讯信息</span><span style=\"color:#0E2D5F;font-family:&quot;Microsoft YaHei&quot;;font-weight:700;\">资讯信息</span><span style=\"color:#0E2D5F;font-family:&quot;Microsoft YaHei&quot;;font-weight:700;\">资讯信息</span><span style=\"color:#0E2D5F;font-family:&quot;Microsoft YaHei&quot;;font-weight:700;\">资讯信息</span><span></span><span style=\"color:#0E2D5F;font-family:&quot;Microsoft YaHei&quot;;font-weight:700;\">资讯信息</span><span style=\"color:#0E2D5F;font-family:&quot;Microsoft YaHei&quot;;font-weight:700;\">资讯信息</span><span style=\"color:#0E2D5F;font-family:&quot;Microsoft YaHei&quot;;font-weight:700;\">资讯信息</span><span style=\"color:#0E2D5F;font-family:&quot;Microsoft YaHei&quot;;font-weight:700;\">资讯信息</span><span style=\"color:#0E2D5F;font-family:&quot;Microsoft YaHei&quot;;font-weight:700;\">资讯信息</span><span style=\"color:#0E2D5F;font-family:&quot;Microsoft YaHei&quot;;font-weight:700;\">资讯信息</span><span style=\"color:#0E2D5F;font-family:&quot;Microsoft YaHei&quot;;font-weight:700;\">资讯信息</span><span style=\"color:#0E2D5F;font-family:&quot;Microsoft YaHei&quot;;font-weight:700;\">资讯信息</span><span style=\"color:#0E2D5F;font-family:&quot;Microsoft YaHei&quot;;font-weight:700;\">资讯信息</span><span style=\"color:#0E2D5F;font-family:&quot;Microsoft YaHei&quot;;font-weight:700;\">资讯信息</span><span style=\"color:#0E2D5F;font-family:&quot;Microsoft YaHei&quot;;font-weight:700;\">资讯信息</span><span style=\"color:#0E2D5F;font-family:&quot;Microsoft YaHei&quot;;font-weight:700;\">资讯信息</span><span style=\"color:#0E2D5F;font-family:&quot;Microsoft YaHei&quot;;font-weight:700;\">资讯信息</span><span style=\"color:#0E2D5F;font-family:&quot;Microsoft YaHei&quot;;font-weight:700;\">资讯信息</span><span style=\"color:#0E2D5F;font-family:&quot;Microsoft YaHei&quot;;font-weight:700;\">资讯信息</span><span style=\"color:#0E2D5F;font-family:&quot;Microsoft YaHei&quot;;font-weight:700;\">资讯信息</span><span style=\"color:#0E2D5F;font-family:&quot;Microsoft YaHei&quot;;font-weight:700;\">资讯信息</span><span style=\"color:#0E2D5F;font-family:&quot;Microsoft YaHei&quot;;font-weight:700;\">资讯信息</span><span style=\"color:#0E2D5F;font-family:&quot;Microsoft YaHei&quot;;font-weight:700;\">资讯信息</span><span style=\"color:#0E2D5F;font-family:&quot;Microsoft YaHei&quot;;font-weight:700;\">资讯信息</span><span style=\"color:#0E2D5F;font-family:&quot;Microsoft YaHei&quot;;font-weight:700;\">资讯信息</span><span style=\"color:#0E2D5F;font-family:&quot;Microsoft YaHei&quot;;font-weight:700;\">资讯信息</span><span></span><span style=\"color:#0E2D5F;font-family:&quot;Microsoft YaHei&quot;;font-weight:700;\">资讯信息</span><span style=\"color:#0E2D5F;font-family:&quot;Microsoft YaHei&quot;;font-weight:700;\">资讯信息</span><span style=\"color:#0E2D5F;font-family:&quot;Microsoft YaHei&quot;;font-weight:700;\">资讯信息</span><span style=\"color:#0E2D5F;font-family:&quot;Microsoft YaHei&quot;;font-weight:700;\">资讯信息</span><span style=\"color:#0E2D5F;font-family:&quot;Microsoft YaHei&quot;;font-weight:700;\">资讯信息</span><span style=\"color:#0E2D5F;font-family:&quot;Microsoft YaHei&quot;;font-weight:700;\">资讯信息</span><span style=\"color:#0E2D5F;font-family:&quot;Microsoft YaHei&quot;;font-weight:700;\">资讯信息</span><span style=\"color:#0E2D5F;font-family:&quot;Microsoft YaHei&quot;;font-weight:700;\">资讯信息</span><span style=\"color:#0E2D5F;font-family:&quot;Microsoft YaHei&quot;;font-weight:700;\">资讯信息</span><span style=\"color:#0E2D5F;font-family:&quot;Microsoft YaHei&quot;;font-weight:700;\">资讯信息</span><span style=\"color:#0E2D5F;font-family:&quot;Microsoft YaHei&quot;;font-weight:700;\">资讯信息</span><span style=\"color:#0E2D5F;font-family:&quot;Microsoft YaHei&quot;;font-weight:700;\">资讯信息</span><span style=\"color:#0E2D5F;font-family:&quot;Microsoft YaHei&quot;;font-weight:700;\">资讯信息</span><span style=\"color:#0E2D5F;font-family:&quot;Microsoft YaHei&quot;;font-weight:700;\">资讯信息</span><span style=\"color:#0E2D5F;font-family:&quot;Microsoft YaHei&quot;;font-weight:700;\">资讯信息</span><span style=\"color:#0E2D5F;font-family:&quot;Microsoft YaHei&quot;;font-weight:700;\">资讯信息</span><span style=\"color:#0E2D5F;font-family:&quot;Microsoft YaHei&quot;;font-weight:700;\">资讯信息</span><span style=\"color:#0E2D5F;font-family:&quot;Microsoft YaHei&quot;;font-weight:700;\">资讯信息</span><span style=\"color:#0E2D5F;font-family:&quot;Microsoft YaHei&quot;;font-weight:700;\">资讯信息</span><span style=\"color:#0E2D5F;font-family:&quot;Microsoft YaHei&quot;;font-weight:700;\">资讯信息</span><span style=\"color:#0E2D5F;font-family:&quot;Microsoft YaHei&quot;;font-weight:700;\">资讯信息</span><span style=\"color:#0E2D5F;font-family:&quot;Microsoft YaHei&quot;;font-weight:700;\">资讯信息</span><span></span><span style=\"color:#0E2D5F;font-family:&quot;Microsoft YaHei&quot;;font-weight:700;\">资讯信息</span><span style=\"color:#0E2D5F;font-family:&quot;Microsoft YaHei&quot;;font-weight:700;\">资讯信息</span><span style=\"color:#0E2D5F;font-family:&quot;Microsoft YaHei&quot;;font-weight:700;\">资讯信息</span><span style=\"color:#0E2D5F;font-family:&quot;Microsoft YaHei&quot;;font-weight:700;\">资讯信息</span><span style=\"color:#0E2D5F;font-family:&quot;Microsoft YaHei&quot;;font-weight:700;\">资讯信息</span><span style=\"color:#0E2D5F;font-family:&quot;Microsoft YaHei&quot;;font-weight:700;\">资讯信息</span><span style=\"color:#0E2D5F;font-family:&quot;Microsoft YaHei&quot;;font-weight:700;\">资讯信息</span><span style=\"color:#0E2D5F;font-family:&quot;Microsoft YaHei&quot;;font-weight:700;\">资讯信息</span><span style=\"color:#0E2D5F;font-family:&quot;Microsoft YaHei&quot;;font-weight:700;\">资讯信息</span><span style=\"color:#0E2D5F;font-family:&quot;Microsoft YaHei&quot;;font-weight:700;\">资讯信息</span><span style=\"color:#0E2D5F;font-family:&quot;Microsoft YaHei&quot;;font-weight:700;\">资讯信息</span><span style=\"color:#0E2D5F;font-family:&quot;Microsoft YaHei&quot;;font-weight:700;\">资讯信息</span><span style=\"color:#0E2D5F;font-family:&quot;Microsoft YaHei&quot;;font-weight:700;\">资讯信息</span><span style=\"color:#0E2D5F;font-family:&quot;Microsoft YaHei&quot;;font-weight:700;\">资讯信息</span><span style=\"color:#0E2D5F;font-family:&quot;Microsoft YaHei&quot;;font-weight:700;\">资讯信息</span><span style=\"color:#0E2D5F;font-family:&quot;Microsoft YaHei&quot;;font-weight:700;\">资讯信息</span><span style=\"color:#0E2D5F;font-family:&quot;Microsoft YaHei&quot;;font-weight:700;\">资讯信息</span><span style=\"color:#0E2D5F;font-family:&quot;Microsoft YaHei&quot;;font-weight:700;\">资讯信息</span><span style=\"color:#0E2D5F;font-family:&quot;Microsoft YaHei&quot;;font-weight:700;\">资讯信息</span><span style=\"color:#0E2D5F;font-family:&quot;Microsoft YaHei&quot;;font-weight:700;\">资讯信息</span><span style=\"color:#0E2D5F;font-family:&quot;Microsoft YaHei&quot;;font-weight:700;\">资讯信息</span><span style=\"color:#0E2D5F;font-family:&quot;Microsoft YaHei&quot;;font-weight:700;\">资讯信息</span><span></span><span style=\"color:#0E2D5F;font-family:&quot;Microsoft YaHei&quot;;font-weight:700;\">资讯信息</span><span style=\"color:#0E2D5F;font-family:&quot;Microsoft YaHei&quot;;font-weight:700;\">资讯信息</span><span style=\"color:#0E2D5F;font-family:&quot;Microsoft YaHei&quot;;font-weight:700;\">资讯信息</span><span style=\"color:#0E2D5F;font-family:&quot;Microsoft YaHei&quot;;font-weight:700;\">资讯信息</span><span style=\"color:#0E2D5F;font-family:&quot;Microsoft YaHei&quot;;font-weight:700;\">资讯信息</span><span style=\"color:#0E2D5F;font-family:&quot;Microsoft YaHei&quot;;font-weight:700;\">资讯信息</span><span style=\"color:#0E2D5F;font-family:&quot;Microsoft YaHei&quot;;font-weight:700;\">资讯信息</span><span style=\"color:#0E2D5F;font-family:&quot;Microsoft YaHei&quot;;font-weight:700;\">资讯信息</span><span style=\"color:#0E2D5F;font-family:&quot;Microsoft YaHei&quot;;font-weight:700;\">资讯信息</span><span style=\"color:#0E2D5F;font-family:&quot;Microsoft YaHei&quot;;font-weight:700;\">资讯信息</span><span style=\"color:#0E2D5F;font-family:&quot;Microsoft YaHei&quot;;font-weight:700;\">资讯信息</span><span style=\"color:#0E2D5F;font-family:&quot;Microsoft YaHei&quot;;font-weight:700;\">资讯信息</span><span style=\"color:#0E2D5F;font-family:&quot;Microsoft YaHei&quot;;font-weight:700;\">资讯信息</span><span style=\"color:#0E2D5F;font-family:&quot;Microsoft YaHei&quot;;font-weight:700;\">资讯信息</span><span style=\"color:#0E2D5F;font-family:&quot;Microsoft YaHei&quot;;font-weight:700;\">资讯信息</span><span style=\"color:#0E2D5F;font-family:&quot;Microsoft YaHei&quot;;font-weight:700;\">资讯信息</span><span style=\"color:#0E2D5F;font-family:&quot;Microsoft YaHei&quot;;font-weight:700;\">资讯信息</span><span style=\"color:#0E2D5F;font-family:&quot;Microsoft YaHei&quot;;font-weight:700;\">资讯信息</span><span style=\"color:#0E2D5F;font-family:&quot;Microsoft YaHei&quot;;font-weight:700;\">资讯信息</span><span style=\"color:#0E2D5F;font-family:&quot;Microsoft YaHei&quot;;font-weight:700;\">资讯信息</span><span style=\"color:#0E2D5F;font-family:&quot;Microsoft YaHei&quot;;font-weight:700;\">资讯信息</span><span style=\"color:#0E2D5F;font-family:&quot;Microsoft YaHei&quot;;font-weight:700;\">资讯信息</span><span></span><span style=\"color:#0E2D5F;font-family:&quot;Microsoft YaHei&quot;;font-weight:700;\">资讯信息</span><span style=\"color:#0E2D5F;font-family:&quot;Microsoft YaHei&quot;;font-weight:700;\">资讯信息</span><span style=\"color:#0E2D5F;font-family:&quot;Microsoft YaHei&quot;;font-weight:700;\">资讯信息</span><span style=\"color:#0E2D5F;font-family:&quot;Microsoft YaHei&quot;;font-weight:700;\">资讯信息</span><span style=\"color:#0E2D5F;font-family:&quot;Microsoft YaHei&quot;;font-weight:700;\">资讯信息</span><span style=\"color:#0E2D5F;font-family:&quot;Microsoft YaHei&quot;;font-weight:700;\">资讯信息</span><span style=\"color:#0E2D5F;font-family:&quot;Microsoft YaHei&quot;;font-weight:700;\">资讯信息</span><span style=\"color:#0E2D5F;font-family:&quot;Microsoft YaHei&quot;;font-weight:700;\">资讯信息</span><span style=\"color:#0E2D5F;font-family:&quot;Microsoft YaHei&quot;;font-weight:700;\">资讯信息</span><span style=\"color:#0E2D5F;font-family:&quot;Microsoft YaHei&quot;;font-weight:700;\">资讯信息</span><span style=\"color:#0E2D5F;font-family:&quot;Microsoft YaHei&quot;;font-weight:700;\">资讯信息</span><span style=\"color:#0E2D5F;font-family:&quot;Microsoft YaHei&quot;;font-weight:700;\">资讯信息</span><span style=\"color:#0E2D5F;font-family:&quot;Microsoft YaHei&quot;;font-weight:700;\">资讯信息</span><span style=\"color:#0E2D5F;font-family:&quot;Microsoft YaHei&quot;;font-weight:700;\">资讯信息</span><span style=\"color:#0E2D5F;font-family:&quot;Microsoft YaHei&quot;;font-weight:700;\">资讯信息</span><span style=\"color:#0E2D5F;font-family:&quot;Microsoft YaHei&quot;;font-weight:700;\">资讯信息</span><span style=\"color:#0E2D5F;font-family:&quot;Microsoft YaHei&quot;;font-weight:700;\">资讯信息</span><span style=\"color:#0E2D5F;font-family:&quot;Microsoft YaHei&quot;;font-weight:700;\">资讯信息</span><span style=\"color:#0E2D5F;font-family:&quot;Microsoft YaHei&quot;;font-weight:700;\">资讯信息</span><span style=\"color:#0E2D5F;font-family:&quot;Microsoft YaHei&quot;;font-weight:700;\">资讯信息</span><span style=\"color:#0E2D5F;font-family:&quot;Microsoft YaHei&quot;;font-weight:700;\">资讯信息</span><span style=\"color:#0E2D5F;font-family:&quot;Microsoft YaHei&quot;;font-weight:700;\">资讯信息</span><span></span><span style=\"color:#0E2D5F;font-family:&quot;Microsoft YaHei&quot;;font-weight:700;\">资讯信息</span><span style=\"color:#0E2D5F;font-family:&quot;Microsoft YaHei&quot;;font-weight:700;\">资讯信息</span><span style=\"color:#0E2D5F;font-family:&quot;Microsoft YaHei&quot;;font-weight:700;\">资讯信息</span><span style=\"color:#0E2D5F;font-family:&quot;Microsoft YaHei&quot;;font-weight:700;\">资讯信息</span><span style=\"color:#0E2D5F;font-family:&quot;Microsoft YaHei&quot;;font-weight:700;\">资讯信息</span><span style=\"color:#0E2D5F;font-family:&quot;Microsoft YaHei&quot;;font-weight:700;\">资讯信息</span><span style=\"color:#0E2D5F;font-family:&quot;Microsoft YaHei&quot;;font-weight:700;\">资讯信息</span><span style=\"color:#0E2D5F;font-family:&quot;Microsoft YaHei&quot;;font-weight:700;\">资讯信息</span><span style=\"color:#0E2D5F;font-family:&quot;Microsoft YaHei&quot;;font-weight:700;\">资讯信息</span><span style=\"color:#0E2D5F;font-family:&quot;Microsoft YaHei&quot;;font-weight:700;\">资讯信息</span><span style=\"color:#0E2D5F;font-family:&quot;Microsoft YaHei&quot;;font-weight:700;\">资讯信息</span><span style=\"color:#0E2D5F;font-family:&quot;Microsoft YaHei&quot;;font-weight:700;\">资讯信息</span><span style=\"color:#0E2D5F;font-family:&quot;Microsoft YaHei&quot;;font-weight:700;\">资讯信息</span><span style=\"color:#0E2D5F;font-family:&quot;Microsoft YaHei&quot;;font-weight:700;\">资讯信息</span><span style=\"color:#0E2D5F;font-family:&quot;Microsoft YaHei&quot;;font-weight:700;\">资讯信息</span><span style=\"color:#0E2D5F;font-family:&quot;Microsoft YaHei&quot;;font-weight:700;\">资讯信息</span><span style=\"color:#0E2D5F;font-family:&quot;Microsoft YaHei&quot;;font-weight:700;\">资讯信息</span><span style=\"color:#0E2D5F;font-family:&quot;Microsoft YaHei&quot;;font-weight:700;\">资讯信息</span><span style=\"color:#0E2D5F;font-family:&quot;Microsoft YaHei&quot;;font-weight:700;\">资讯信息</span><span style=\"color:#0E2D5F;font-family:&quot;Microsoft YaHei&quot;;font-weight:700;\">资讯信息</span><span style=\"color:#0E2D5F;font-family:&quot;Microsoft YaHei&quot;;font-weight:700;\">资讯信息</span><span style=\"color:#0E2D5F;font-family:&quot;Microsoft YaHei&quot;;font-weight:700;\">资讯信息</span><span></span><span style=\"color:#0E2D5F;font-family:&quot;Microsoft YaHei&quot;;font-weight:700;\">资讯信息</span><span style=\"color:#0E2D5F;font-family:&quot;Microsoft YaHei&quot;;font-weight:700;\">资讯信息</span><span style=\"color:#0E2D5F;font-family:&quot;Microsoft YaHei&quot;;font-weight:700;\">资讯信息</span><span style=\"color:#0E2D5F;font-family:&quot;Microsoft YaHei&quot;;font-weight:700;\">资讯信息</span><span style=\"color:#0E2D5F;font-family:&quot;Microsoft YaHei&quot;;font-weight:700;\">资讯信息</span><span style=\"color:#0E2D5F;font-family:&quot;Microsoft YaHei&quot;;font-weight:700;\">资讯信息</span><span style=\"color:#0E2D5F;font-family:&quot;Microsoft YaHei&quot;;font-weight:700;\">资讯信息</span><span style=\"color:#0E2D5F;font-family:&quot;Microsoft YaHei&quot;;font-weight:700;\">资讯信息</span><span style=\"color:#0E2D5F;font-family:&quot;Microsoft YaHei&quot;;font-weight:700;\">资讯信息</span><span style=\"color:#0E2D5F;font-family:&quot;Microsoft YaHei&quot;;font-weight:700;\">资讯信息</span><span style=\"color:#0E2D5F;font-family:&quot;Microsoft YaHei&quot;;font-weight:700;\">资讯信息</span><span style=\"color:#0E2D5F;font-family:&quot;Microsoft YaHei&quot;;font-weight:700;\">资讯信息</span><span style=\"color:#0E2D5F;font-family:&quot;Microsoft YaHei&quot;;font-weight:700;\">资讯信息</span><span style=\"color:#0E2D5F;font-family:&quot;Microsoft YaHei&quot;;font-weight:700;\">资讯信息</span><span style=\"color:#0E2D5F;font-family:&quot;Microsoft YaHei&quot;;font-weight:700;\">资讯信息</span><span style=\"color:#0E2D5F;font-family:&quot;Microsoft YaHei&quot;;font-weight:700;\">资讯信息</span><span style=\"color:#0E2D5F;font-family:&quot;Microsoft YaHei&quot;;font-weight:700;\">资讯信息</span><span style=\"color:#0E2D5F;font-family:&quot;Microsoft YaHei&quot;;font-weight:700;\">资讯信息</span><span style=\"color:#0E2D5F;font-family:&quot;Microsoft YaHei&quot;;font-weight:700;\">资讯信息</span><span style=\"color:#0E2D5F;font-family:&quot;Microsoft YaHei&quot;;font-weight:700;\">资讯信息</span><span style=\"color:#0E2D5F;font-family:&quot;Microsoft YaHei&quot;;font-weight:700;\">资讯信息</span><span style=\"color:#0E2D5F;font-family:&quot;Microsoft YaHei&quot;;font-weight:700;\">资讯信息</span><span></span>资讯信息资讯信息资讯信息资讯信息资讯信息资讯信息资讯信息资讯信息资讯信息资讯信息资讯信息资讯信息资讯信息资讯信息资讯信息资讯信息资讯信息资讯信息资讯信息资讯信息资讯信息资讯信息资讯信息资讯信息资讯信息资讯信息资讯信息资讯信息资讯信息资讯信息资讯信息资讯信息资讯信息资讯信息资讯信息资讯信息资讯信息资讯信息资讯信息资讯信息资讯信息资讯信息资讯信息资讯信息资讯信息资讯信息资讯信息资讯信息资讯信息资讯信息资讯信息资讯信息资讯信息资讯信息资讯信息资讯信息资讯信息资讯信息资讯信息资讯信息资讯信息资讯信息资讯信息资讯信息资讯信息资讯信息资讯信息资讯信息资讯信息资讯信息资讯信息资讯信息资讯信息资讯信息资讯信息资讯信息资讯信息资讯信息资讯信息资讯信息资讯信息资讯信息资讯信息资讯信息资讯信息资讯信息资讯信息资讯信息资讯信息资讯信息资讯信息资讯信息资讯信息资讯信息资讯信息资讯信息资讯信息资讯信息资讯信息资讯信息资讯信息资讯信息资讯信息资讯信息资讯信息资讯信息资讯信息资讯信息资讯信息资讯信息</span>', '/file/15.jpg', '15.jpg', '2023-12-15 16:09:07', '1', '类型一');
INSERT INTO `t_gonggao` VALUES ('3', '资讯信息3', '<span style=\"color:#0E2D5F;font-family:&quot;Microsoft YaHei&quot;;font-weight:700;\"><span style=\"color:#0E2D5F;font-family:&quot;Microsoft YaHei&quot;;font-weight:700;\">资讯信息</span><span style=\"color:#0E2D5F;font-family:&quot;Microsoft YaHei&quot;;font-weight:700;\">资讯信息</span><span style=\"color:#0E2D5F;font-family:&quot;Microsoft YaHei&quot;;font-weight:700;\">资讯信息</span><span style=\"color:#0E2D5F;font-family:&quot;Microsoft YaHei&quot;;font-weight:700;\">资讯信息</span><span style=\"color:#0E2D5F;font-family:&quot;Microsoft YaHei&quot;;font-weight:700;\">资讯信息</span><span style=\"color:#0E2D5F;font-family:&quot;Microsoft YaHei&quot;;font-weight:700;\">资讯信息</span><span style=\"color:#0E2D5F;font-family:&quot;Microsoft YaHei&quot;;font-weight:700;\">资讯信息</span><span style=\"color:#0E2D5F;font-family:&quot;Microsoft YaHei&quot;;font-weight:700;\">资讯信息</span><span style=\"color:#0E2D5F;font-family:&quot;Microsoft YaHei&quot;;font-weight:700;\">资讯信息</span><span style=\"color:#0E2D5F;font-family:&quot;Microsoft YaHei&quot;;font-weight:700;\">资讯信息</span><span style=\"color:#0E2D5F;font-family:&quot;Microsoft YaHei&quot;;font-weight:700;\">资讯信息</span><span style=\"color:#0E2D5F;font-family:&quot;Microsoft YaHei&quot;;font-weight:700;\">资讯信息</span><span style=\"color:#0E2D5F;font-family:&quot;Microsoft YaHei&quot;;font-weight:700;\">资讯信息</span><span style=\"color:#0E2D5F;font-family:&quot;Microsoft YaHei&quot;;font-weight:700;\">资讯信息</span><span style=\"color:#0E2D5F;font-family:&quot;Microsoft YaHei&quot;;font-weight:700;\">资讯信息</span><span style=\"color:#0E2D5F;font-family:&quot;Microsoft YaHei&quot;;font-weight:700;\">资讯信息</span><span style=\"color:#0E2D5F;font-family:&quot;Microsoft YaHei&quot;;font-weight:700;\">资讯信息</span><span style=\"color:#0E2D5F;font-family:&quot;Microsoft YaHei&quot;;font-weight:700;\">资讯信息</span><span style=\"color:#0E2D5F;font-family:&quot;Microsoft YaHei&quot;;font-weight:700;\">资讯信息</span><span style=\"color:#0E2D5F;font-family:&quot;Microsoft YaHei&quot;;font-weight:700;\">资讯信息</span><span style=\"color:#0E2D5F;font-family:&quot;Microsoft YaHei&quot;;font-weight:700;\">资讯信息</span><span style=\"color:#0E2D5F;font-family:&quot;Microsoft YaHei&quot;;font-weight:700;\">资讯信息</span><span></span><span style=\"color:#0E2D5F;font-family:&quot;Microsoft YaHei&quot;;font-weight:700;\">资讯信息</span><span style=\"color:#0E2D5F;font-family:&quot;Microsoft YaHei&quot;;font-weight:700;\">资讯信息</span><span style=\"color:#0E2D5F;font-family:&quot;Microsoft YaHei&quot;;font-weight:700;\">资讯信息</span><span style=\"color:#0E2D5F;font-family:&quot;Microsoft YaHei&quot;;font-weight:700;\">资讯信息</span><span style=\"color:#0E2D5F;font-family:&quot;Microsoft YaHei&quot;;font-weight:700;\">资讯信息</span><span style=\"color:#0E2D5F;font-family:&quot;Microsoft YaHei&quot;;font-weight:700;\">资讯信息</span><span style=\"color:#0E2D5F;font-family:&quot;Microsoft YaHei&quot;;font-weight:700;\">资讯信息</span><span style=\"color:#0E2D5F;font-family:&quot;Microsoft YaHei&quot;;font-weight:700;\">资讯信息</span><span style=\"color:#0E2D5F;font-family:&quot;Microsoft YaHei&quot;;font-weight:700;\">资讯信息</span><span style=\"color:#0E2D5F;font-family:&quot;Microsoft YaHei&quot;;font-weight:700;\">资讯信息</span><span style=\"color:#0E2D5F;font-family:&quot;Microsoft YaHei&quot;;font-weight:700;\">资讯信息</span><span style=\"color:#0E2D5F;font-family:&quot;Microsoft YaHei&quot;;font-weight:700;\">资讯信息</span><span style=\"color:#0E2D5F;font-family:&quot;Microsoft YaHei&quot;;font-weight:700;\">资讯信息</span><span style=\"color:#0E2D5F;font-family:&quot;Microsoft YaHei&quot;;font-weight:700;\">资讯信息</span><span style=\"color:#0E2D5F;font-family:&quot;Microsoft YaHei&quot;;font-weight:700;\">资讯信息</span><span style=\"color:#0E2D5F;font-family:&quot;Microsoft YaHei&quot;;font-weight:700;\">资讯信息</span><span style=\"color:#0E2D5F;font-family:&quot;Microsoft YaHei&quot;;font-weight:700;\">资讯信息</span><span style=\"color:#0E2D5F;font-family:&quot;Microsoft YaHei&quot;;font-weight:700;\">资讯信息</span><span style=\"color:#0E2D5F;font-family:&quot;Microsoft YaHei&quot;;font-weight:700;\">资讯信息</span><span style=\"color:#0E2D5F;font-family:&quot;Microsoft YaHei&quot;;font-weight:700;\">资讯信息</span><span style=\"color:#0E2D5F;font-family:&quot;Microsoft YaHei&quot;;font-weight:700;\">资讯信息</span><span style=\"color:#0E2D5F;font-family:&quot;Microsoft YaHei&quot;;font-weight:700;\">资讯信息</span><span></span><span style=\"color:#0E2D5F;font-family:&quot;Microsoft YaHei&quot;;font-weight:700;\">资讯信息</span><span style=\"color:#0E2D5F;font-family:&quot;Microsoft YaHei&quot;;font-weight:700;\">资讯信息</span><span style=\"color:#0E2D5F;font-family:&quot;Microsoft YaHei&quot;;font-weight:700;\">资讯信息</span><span style=\"color:#0E2D5F;font-family:&quot;Microsoft YaHei&quot;;font-weight:700;\">资讯信息</span><span style=\"color:#0E2D5F;font-family:&quot;Microsoft YaHei&quot;;font-weight:700;\">资讯信息</span><span style=\"color:#0E2D5F;font-family:&quot;Microsoft YaHei&quot;;font-weight:700;\">资讯信息</span><span style=\"color:#0E2D5F;font-family:&quot;Microsoft YaHei&quot;;font-weight:700;\">资讯信息</span><span style=\"color:#0E2D5F;font-family:&quot;Microsoft YaHei&quot;;font-weight:700;\">资讯信息</span><span style=\"color:#0E2D5F;font-family:&quot;Microsoft YaHei&quot;;font-weight:700;\">资讯信息</span><span style=\"color:#0E2D5F;font-family:&quot;Microsoft YaHei&quot;;font-weight:700;\">资讯信息</span><span style=\"color:#0E2D5F;font-family:&quot;Microsoft YaHei&quot;;font-weight:700;\">资讯信息</span><span style=\"color:#0E2D5F;font-family:&quot;Microsoft YaHei&quot;;font-weight:700;\">资讯信息</span><span style=\"color:#0E2D5F;font-family:&quot;Microsoft YaHei&quot;;font-weight:700;\">资讯信息</span><span style=\"color:#0E2D5F;font-family:&quot;Microsoft YaHei&quot;;font-weight:700;\">资讯信息</span><span style=\"color:#0E2D5F;font-family:&quot;Microsoft YaHei&quot;;font-weight:700;\">资讯信息</span><span style=\"color:#0E2D5F;font-family:&quot;Microsoft YaHei&quot;;font-weight:700;\">资讯信息</span><span style=\"color:#0E2D5F;font-family:&quot;Microsoft YaHei&quot;;font-weight:700;\">资讯信息</span><span style=\"color:#0E2D5F;font-family:&quot;Microsoft YaHei&quot;;font-weight:700;\">资讯信息</span><span style=\"color:#0E2D5F;font-family:&quot;Microsoft YaHei&quot;;font-weight:700;\">资讯信息</span><span style=\"color:#0E2D5F;font-family:&quot;Microsoft YaHei&quot;;font-weight:700;\">资讯信息</span><span style=\"color:#0E2D5F;font-family:&quot;Microsoft YaHei&quot;;font-weight:700;\">资讯信息</span><span style=\"color:#0E2D5F;font-family:&quot;Microsoft YaHei&quot;;font-weight:700;\">资讯信息</span><span></span><span style=\"color:#0E2D5F;font-family:&quot;Microsoft YaHei&quot;;font-weight:700;\">资讯信息</span><span style=\"color:#0E2D5F;font-family:&quot;Microsoft YaHei&quot;;font-weight:700;\">资讯信息</span><span style=\"color:#0E2D5F;font-family:&quot;Microsoft YaHei&quot;;font-weight:700;\">资讯信息</span><span style=\"color:#0E2D5F;font-family:&quot;Microsoft YaHei&quot;;font-weight:700;\">资讯信息</span><span style=\"color:#0E2D5F;font-family:&quot;Microsoft YaHei&quot;;font-weight:700;\">资讯信息</span><span style=\"color:#0E2D5F;font-family:&quot;Microsoft YaHei&quot;;font-weight:700;\">资讯信息</span><span style=\"color:#0E2D5F;font-family:&quot;Microsoft YaHei&quot;;font-weight:700;\">资讯信息</span><span style=\"color:#0E2D5F;font-family:&quot;Microsoft YaHei&quot;;font-weight:700;\">资讯信息</span><span style=\"color:#0E2D5F;font-family:&quot;Microsoft YaHei&quot;;font-weight:700;\">资讯信息</span><span style=\"color:#0E2D5F;font-family:&quot;Microsoft YaHei&quot;;font-weight:700;\">资讯信息</span><span style=\"color:#0E2D5F;font-family:&quot;Microsoft YaHei&quot;;font-weight:700;\">资讯信息</span><span style=\"color:#0E2D5F;font-family:&quot;Microsoft YaHei&quot;;font-weight:700;\">资讯信息</span><span style=\"color:#0E2D5F;font-family:&quot;Microsoft YaHei&quot;;font-weight:700;\">资讯信息</span><span style=\"color:#0E2D5F;font-family:&quot;Microsoft YaHei&quot;;font-weight:700;\">资讯信息</span><span style=\"color:#0E2D5F;font-family:&quot;Microsoft YaHei&quot;;font-weight:700;\">资讯信息</span><span style=\"color:#0E2D5F;font-family:&quot;Microsoft YaHei&quot;;font-weight:700;\">资讯信息</span><span style=\"color:#0E2D5F;font-family:&quot;Microsoft YaHei&quot;;font-weight:700;\">资讯信息</span><span style=\"color:#0E2D5F;font-family:&quot;Microsoft YaHei&quot;;font-weight:700;\">资讯信息</span><span style=\"color:#0E2D5F;font-family:&quot;Microsoft YaHei&quot;;font-weight:700;\">资讯信息</span><span style=\"color:#0E2D5F;font-family:&quot;Microsoft YaHei&quot;;font-weight:700;\">资讯信息</span><span style=\"color:#0E2D5F;font-family:&quot;Microsoft YaHei&quot;;font-weight:700;\">资讯信息</span><span style=\"color:#0E2D5F;font-family:&quot;Microsoft YaHei&quot;;font-weight:700;\">资讯信息</span><span></span><span style=\"color:#0E2D5F;font-family:&quot;Microsoft YaHei&quot;;font-weight:700;\">资讯信息</span><span style=\"color:#0E2D5F;font-family:&quot;Microsoft YaHei&quot;;font-weight:700;\">资讯信息</span><span style=\"color:#0E2D5F;font-family:&quot;Microsoft YaHei&quot;;font-weight:700;\">资讯信息</span><span style=\"color:#0E2D5F;font-family:&quot;Microsoft YaHei&quot;;font-weight:700;\">资讯信息</span><span style=\"color:#0E2D5F;font-family:&quot;Microsoft YaHei&quot;;font-weight:700;\">资讯信息</span><span style=\"color:#0E2D5F;font-family:&quot;Microsoft YaHei&quot;;font-weight:700;\">资讯信息</span><span style=\"color:#0E2D5F;font-family:&quot;Microsoft YaHei&quot;;font-weight:700;\">资讯信息</span><span style=\"color:#0E2D5F;font-family:&quot;Microsoft YaHei&quot;;font-weight:700;\">资讯信息</span><span style=\"color:#0E2D5F;font-family:&quot;Microsoft YaHei&quot;;font-weight:700;\">资讯信息</span><span style=\"color:#0E2D5F;font-family:&quot;Microsoft YaHei&quot;;font-weight:700;\">资讯信息</span><span style=\"color:#0E2D5F;font-family:&quot;Microsoft YaHei&quot;;font-weight:700;\">资讯信息</span><span style=\"color:#0E2D5F;font-family:&quot;Microsoft YaHei&quot;;font-weight:700;\">资讯信息</span><span style=\"color:#0E2D5F;font-family:&quot;Microsoft YaHei&quot;;font-weight:700;\">资讯信息</span><span style=\"color:#0E2D5F;font-family:&quot;Microsoft YaHei&quot;;font-weight:700;\">资讯信息</span><span style=\"color:#0E2D5F;font-family:&quot;Microsoft YaHei&quot;;font-weight:700;\">资讯信息</span><span style=\"color:#0E2D5F;font-family:&quot;Microsoft YaHei&quot;;font-weight:700;\">资讯信息</span><span style=\"color:#0E2D5F;font-family:&quot;Microsoft YaHei&quot;;font-weight:700;\">资讯信息</span><span style=\"color:#0E2D5F;font-family:&quot;Microsoft YaHei&quot;;font-weight:700;\">资讯信息</span><span style=\"color:#0E2D5F;font-family:&quot;Microsoft YaHei&quot;;font-weight:700;\">资讯信息</span><span style=\"color:#0E2D5F;font-family:&quot;Microsoft YaHei&quot;;font-weight:700;\">资讯信息</span><span style=\"color:#0E2D5F;font-family:&quot;Microsoft YaHei&quot;;font-weight:700;\">资讯信息</span><span style=\"color:#0E2D5F;font-family:&quot;Microsoft YaHei&quot;;font-weight:700;\">资讯信息</span><span></span><span style=\"color:#0E2D5F;font-family:&quot;Microsoft YaHei&quot;;font-weight:700;\">资讯信息</span><span style=\"color:#0E2D5F;font-family:&quot;Microsoft YaHei&quot;;font-weight:700;\">资讯信息</span><span style=\"color:#0E2D5F;font-family:&quot;Microsoft YaHei&quot;;font-weight:700;\">资讯信息</span><span style=\"color:#0E2D5F;font-family:&quot;Microsoft YaHei&quot;;font-weight:700;\">资讯信息</span><span style=\"color:#0E2D5F;font-family:&quot;Microsoft YaHei&quot;;font-weight:700;\">资讯信息</span><span style=\"color:#0E2D5F;font-family:&quot;Microsoft YaHei&quot;;font-weight:700;\">资讯信息</span><span style=\"color:#0E2D5F;font-family:&quot;Microsoft YaHei&quot;;font-weight:700;\">资讯信息</span><span style=\"color:#0E2D5F;font-family:&quot;Microsoft YaHei&quot;;font-weight:700;\">资讯信息</span><span style=\"color:#0E2D5F;font-family:&quot;Microsoft YaHei&quot;;font-weight:700;\">资讯信息</span><span style=\"color:#0E2D5F;font-family:&quot;Microsoft YaHei&quot;;font-weight:700;\">资讯信息</span><span style=\"color:#0E2D5F;font-family:&quot;Microsoft YaHei&quot;;font-weight:700;\">资讯信息</span><span style=\"color:#0E2D5F;font-family:&quot;Microsoft YaHei&quot;;font-weight:700;\">资讯信息</span><span style=\"color:#0E2D5F;font-family:&quot;Microsoft YaHei&quot;;font-weight:700;\">资讯信息</span><span style=\"color:#0E2D5F;font-family:&quot;Microsoft YaHei&quot;;font-weight:700;\">资讯信息</span><span style=\"color:#0E2D5F;font-family:&quot;Microsoft YaHei&quot;;font-weight:700;\">资讯信息</span><span style=\"color:#0E2D5F;font-family:&quot;Microsoft YaHei&quot;;font-weight:700;\">资讯信息</span><span style=\"color:#0E2D5F;font-family:&quot;Microsoft YaHei&quot;;font-weight:700;\">资讯信息</span><span style=\"color:#0E2D5F;font-family:&quot;Microsoft YaHei&quot;;font-weight:700;\">资讯信息</span><span style=\"color:#0E2D5F;font-family:&quot;Microsoft YaHei&quot;;font-weight:700;\">资讯信息</span><span style=\"color:#0E2D5F;font-family:&quot;Microsoft YaHei&quot;;font-weight:700;\">资讯信息</span><span style=\"color:#0E2D5F;font-family:&quot;Microsoft YaHei&quot;;font-weight:700;\">资讯信息</span><span style=\"color:#0E2D5F;font-family:&quot;Microsoft YaHei&quot;;font-weight:700;\">资讯信息</span><span></span><span style=\"color:#0E2D5F;font-family:&quot;Microsoft YaHei&quot;;font-weight:700;\">资讯信息</span><span style=\"color:#0E2D5F;font-family:&quot;Microsoft YaHei&quot;;font-weight:700;\">资讯信息</span><span style=\"color:#0E2D5F;font-family:&quot;Microsoft YaHei&quot;;font-weight:700;\">资讯信息</span><span style=\"color:#0E2D5F;font-family:&quot;Microsoft YaHei&quot;;font-weight:700;\">资讯信息</span><span style=\"color:#0E2D5F;font-family:&quot;Microsoft YaHei&quot;;font-weight:700;\">资讯信息</span><span style=\"color:#0E2D5F;font-family:&quot;Microsoft YaHei&quot;;font-weight:700;\">资讯信息</span><span style=\"color:#0E2D5F;font-family:&quot;Microsoft YaHei&quot;;font-weight:700;\">资讯信息</span><span style=\"color:#0E2D5F;font-family:&quot;Microsoft YaHei&quot;;font-weight:700;\">资讯信息</span><span style=\"color:#0E2D5F;font-family:&quot;Microsoft YaHei&quot;;font-weight:700;\">资讯信息</span><span style=\"color:#0E2D5F;font-family:&quot;Microsoft YaHei&quot;;font-weight:700;\">资讯信息</span><span style=\"color:#0E2D5F;font-family:&quot;Microsoft YaHei&quot;;font-weight:700;\">资讯信息</span><span style=\"color:#0E2D5F;font-family:&quot;Microsoft YaHei&quot;;font-weight:700;\">资讯信息</span><span style=\"color:#0E2D5F;font-family:&quot;Microsoft YaHei&quot;;font-weight:700;\">资讯信息</span><span style=\"color:#0E2D5F;font-family:&quot;Microsoft YaHei&quot;;font-weight:700;\">资讯信息</span><span style=\"color:#0E2D5F;font-family:&quot;Microsoft YaHei&quot;;font-weight:700;\">资讯信息</span><span style=\"color:#0E2D5F;font-family:&quot;Microsoft YaHei&quot;;font-weight:700;\">资讯信息</span><span style=\"color:#0E2D5F;font-family:&quot;Microsoft YaHei&quot;;font-weight:700;\">资讯信息</span><span style=\"color:#0E2D5F;font-family:&quot;Microsoft YaHei&quot;;font-weight:700;\">资讯信息</span><span style=\"color:#0E2D5F;font-family:&quot;Microsoft YaHei&quot;;font-weight:700;\">资讯信息</span><span style=\"color:#0E2D5F;font-family:&quot;Microsoft YaHei&quot;;font-weight:700;\">资讯信息</span><span style=\"color:#0E2D5F;font-family:&quot;Microsoft YaHei&quot;;font-weight:700;\">资讯信息</span><span style=\"color:#0E2D5F;font-family:&quot;Microsoft YaHei&quot;;font-weight:700;\">资讯信息</span><span></span><span style=\"color:#0E2D5F;font-family:&quot;Microsoft YaHei&quot;;font-weight:700;\">资讯信息</span><span style=\"color:#0E2D5F;font-family:&quot;Microsoft YaHei&quot;;font-weight:700;\">资讯信息</span><span style=\"color:#0E2D5F;font-family:&quot;Microsoft YaHei&quot;;font-weight:700;\">资讯信息</span><span style=\"color:#0E2D5F;font-family:&quot;Microsoft YaHei&quot;;font-weight:700;\">资讯信息</span><span style=\"color:#0E2D5F;font-family:&quot;Microsoft YaHei&quot;;font-weight:700;\">资讯信息</span><span style=\"color:#0E2D5F;font-family:&quot;Microsoft YaHei&quot;;font-weight:700;\">资讯信息</span><span style=\"color:#0E2D5F;font-family:&quot;Microsoft YaHei&quot;;font-weight:700;\">资讯信息</span><span style=\"color:#0E2D5F;font-family:&quot;Microsoft YaHei&quot;;font-weight:700;\">资讯信息</span><span style=\"color:#0E2D5F;font-family:&quot;Microsoft YaHei&quot;;font-weight:700;\">资讯信息</span><span style=\"color:#0E2D5F;font-family:&quot;Microsoft YaHei&quot;;font-weight:700;\">资讯信息</span><span style=\"color:#0E2D5F;font-family:&quot;Microsoft YaHei&quot;;font-weight:700;\">资讯信息</span><span style=\"color:#0E2D5F;font-family:&quot;Microsoft YaHei&quot;;font-weight:700;\">资讯信息</span><span style=\"color:#0E2D5F;font-family:&quot;Microsoft YaHei&quot;;font-weight:700;\">资讯信息</span><span style=\"color:#0E2D5F;font-family:&quot;Microsoft YaHei&quot;;font-weight:700;\">资讯信息</span><span style=\"color:#0E2D5F;font-family:&quot;Microsoft YaHei&quot;;font-weight:700;\">资讯信息</span><span style=\"color:#0E2D5F;font-family:&quot;Microsoft YaHei&quot;;font-weight:700;\">资讯信息</span><span style=\"color:#0E2D5F;font-family:&quot;Microsoft YaHei&quot;;font-weight:700;\">资讯信息</span><span style=\"color:#0E2D5F;font-family:&quot;Microsoft YaHei&quot;;font-weight:700;\">资讯信息</span><span style=\"color:#0E2D5F;font-family:&quot;Microsoft YaHei&quot;;font-weight:700;\">资讯信息</span><span style=\"color:#0E2D5F;font-family:&quot;Microsoft YaHei&quot;;font-weight:700;\">资讯信息</span><span style=\"color:#0E2D5F;font-family:&quot;Microsoft YaHei&quot;;font-weight:700;\">资讯信息</span><span style=\"color:#0E2D5F;font-family:&quot;Microsoft YaHei&quot;;font-weight:700;\">资讯信息</span><span></span><span style=\"color:#0E2D5F;font-family:&quot;Microsoft YaHei&quot;;font-weight:700;\">资讯信息</span><span style=\"color:#0E2D5F;font-family:&quot;Microsoft YaHei&quot;;font-weight:700;\">资讯信息</span><span style=\"color:#0E2D5F;font-family:&quot;Microsoft YaHei&quot;;font-weight:700;\">资讯信息</span><span style=\"color:#0E2D5F;font-family:&quot;Microsoft YaHei&quot;;font-weight:700;\">资讯信息</span><span style=\"color:#0E2D5F;font-family:&quot;Microsoft YaHei&quot;;font-weight:700;\">资讯信息</span><span style=\"color:#0E2D5F;font-family:&quot;Microsoft YaHei&quot;;font-weight:700;\">资讯信息</span><span style=\"color:#0E2D5F;font-family:&quot;Microsoft YaHei&quot;;font-weight:700;\">资讯信息</span><span style=\"color:#0E2D5F;font-family:&quot;Microsoft YaHei&quot;;font-weight:700;\">资讯信息</span><span style=\"color:#0E2D5F;font-family:&quot;Microsoft YaHei&quot;;font-weight:700;\">资讯信息</span><span style=\"color:#0E2D5F;font-family:&quot;Microsoft YaHei&quot;;font-weight:700;\">资讯信息</span><span style=\"color:#0E2D5F;font-family:&quot;Microsoft YaHei&quot;;font-weight:700;\">资讯信息</span><span style=\"color:#0E2D5F;font-family:&quot;Microsoft YaHei&quot;;font-weight:700;\">资讯信息</span><span style=\"color:#0E2D5F;font-family:&quot;Microsoft YaHei&quot;;font-weight:700;\">资讯信息</span><span style=\"color:#0E2D5F;font-family:&quot;Microsoft YaHei&quot;;font-weight:700;\">资讯信息</span><span style=\"color:#0E2D5F;font-family:&quot;Microsoft YaHei&quot;;font-weight:700;\">资讯信息</span><span style=\"color:#0E2D5F;font-family:&quot;Microsoft YaHei&quot;;font-weight:700;\">资讯信息</span><span style=\"color:#0E2D5F;font-family:&quot;Microsoft YaHei&quot;;font-weight:700;\">资讯信息</span><span style=\"color:#0E2D5F;font-family:&quot;Microsoft YaHei&quot;;font-weight:700;\">资讯信息</span><span style=\"color:#0E2D5F;font-family:&quot;Microsoft YaHei&quot;;font-weight:700;\">资讯信息</span><span style=\"color:#0E2D5F;font-family:&quot;Microsoft YaHei&quot;;font-weight:700;\">资讯信息</span><span style=\"color:#0E2D5F;font-family:&quot;Microsoft YaHei&quot;;font-weight:700;\">资讯信息</span><span style=\"color:#0E2D5F;font-family:&quot;Microsoft YaHei&quot;;font-weight:700;\">资讯信息</span><span></span>资讯信息资讯信息资讯信息资讯信息资讯信息资讯信息资讯信息资讯信息资讯信息资讯信息资讯信息资讯信息资讯信息资讯信息资讯信息资讯信息资讯信息资讯信息资讯信息资讯信息资讯信息资讯信息资讯信息资讯信息资讯信息资讯信息资讯信息资讯信息资讯信息资讯信息资讯信息资讯信息资讯信息资讯信息资讯信息资讯信息资讯信息资讯信息资讯信息资讯信息资讯信息资讯信息资讯信息资讯信息资讯信息资讯信息资讯信息资讯信息资讯信息资讯信息资讯信息资讯信息资讯信息资讯信息资讯信息资讯信息资讯信息资讯信息资讯信息资讯信息资讯信息资讯信息资讯信息资讯信息资讯信息资讯信息资讯信息资讯信息资讯信息资讯信息资讯信息资讯信息资讯信息资讯信息资讯信息资讯信息资讯信息资讯信息资讯信息资讯信息资讯信息资讯信息资讯信息资讯信息资讯信息资讯信息资讯信息资讯信息资讯信息资讯信息资讯信息资讯信息资讯信息资讯信息资讯信息资讯信息资讯信息资讯信息资讯信息资讯信息资讯信息资讯信息资讯信息资讯信息资讯信息资讯信息资讯信息资讯信息资讯信息资讯信息</span>', '/file/16.jpg', '16.jpg', '2023-12-15 16:09:07', '1', '类型一');
INSERT INTO `t_gonggao` VALUES ('4', '资讯信息4', '<span style=\"color:#0E2D5F;font-family:&quot;Microsoft YaHei&quot;;font-weight:700;\"><span style=\"color:#0E2D5F;font-family:&quot;Microsoft YaHei&quot;;font-weight:700;\">资讯信息</span><span style=\"color:#0E2D5F;font-family:&quot;Microsoft YaHei&quot;;font-weight:700;\">资讯信息</span><span style=\"color:#0E2D5F;font-family:&quot;Microsoft YaHei&quot;;font-weight:700;\">资讯信息</span><span style=\"color:#0E2D5F;font-family:&quot;Microsoft YaHei&quot;;font-weight:700;\">资讯信息</span><span style=\"color:#0E2D5F;font-family:&quot;Microsoft YaHei&quot;;font-weight:700;\">资讯信息</span><span style=\"color:#0E2D5F;font-family:&quot;Microsoft YaHei&quot;;font-weight:700;\">资讯信息</span><span style=\"color:#0E2D5F;font-family:&quot;Microsoft YaHei&quot;;font-weight:700;\">资讯信息</span><span style=\"color:#0E2D5F;font-family:&quot;Microsoft YaHei&quot;;font-weight:700;\">资讯信息</span><span style=\"color:#0E2D5F;font-family:&quot;Microsoft YaHei&quot;;font-weight:700;\">资讯信息</span><span style=\"color:#0E2D5F;font-family:&quot;Microsoft YaHei&quot;;font-weight:700;\">资讯信息</span><span style=\"color:#0E2D5F;font-family:&quot;Microsoft YaHei&quot;;font-weight:700;\">资讯信息</span><span style=\"color:#0E2D5F;font-family:&quot;Microsoft YaHei&quot;;font-weight:700;\">资讯信息</span><span style=\"color:#0E2D5F;font-family:&quot;Microsoft YaHei&quot;;font-weight:700;\">资讯信息</span><span style=\"color:#0E2D5F;font-family:&quot;Microsoft YaHei&quot;;font-weight:700;\">资讯信息</span><span style=\"color:#0E2D5F;font-family:&quot;Microsoft YaHei&quot;;font-weight:700;\">资讯信息</span><span style=\"color:#0E2D5F;font-family:&quot;Microsoft YaHei&quot;;font-weight:700;\">资讯信息</span><span style=\"color:#0E2D5F;font-family:&quot;Microsoft YaHei&quot;;font-weight:700;\">资讯信息</span><span style=\"color:#0E2D5F;font-family:&quot;Microsoft YaHei&quot;;font-weight:700;\">资讯信息</span><span style=\"color:#0E2D5F;font-family:&quot;Microsoft YaHei&quot;;font-weight:700;\">资讯信息</span><span style=\"color:#0E2D5F;font-family:&quot;Microsoft YaHei&quot;;font-weight:700;\">资讯信息</span><span style=\"color:#0E2D5F;font-family:&quot;Microsoft YaHei&quot;;font-weight:700;\">资讯信息</span><span style=\"color:#0E2D5F;font-family:&quot;Microsoft YaHei&quot;;font-weight:700;\">资讯信息</span><span></span><span style=\"color:#0E2D5F;font-family:&quot;Microsoft YaHei&quot;;font-weight:700;\">资讯信息</span><span style=\"color:#0E2D5F;font-family:&quot;Microsoft YaHei&quot;;font-weight:700;\">资讯信息</span><span style=\"color:#0E2D5F;font-family:&quot;Microsoft YaHei&quot;;font-weight:700;\">资讯信息</span><span style=\"color:#0E2D5F;font-family:&quot;Microsoft YaHei&quot;;font-weight:700;\">资讯信息</span><span style=\"color:#0E2D5F;font-family:&quot;Microsoft YaHei&quot;;font-weight:700;\">资讯信息</span><span style=\"color:#0E2D5F;font-family:&quot;Microsoft YaHei&quot;;font-weight:700;\">资讯信息</span><span style=\"color:#0E2D5F;font-family:&quot;Microsoft YaHei&quot;;font-weight:700;\">资讯信息</span><span style=\"color:#0E2D5F;font-family:&quot;Microsoft YaHei&quot;;font-weight:700;\">资讯信息</span><span style=\"color:#0E2D5F;font-family:&quot;Microsoft YaHei&quot;;font-weight:700;\">资讯信息</span><span style=\"color:#0E2D5F;font-family:&quot;Microsoft YaHei&quot;;font-weight:700;\">资讯信息</span><span style=\"color:#0E2D5F;font-family:&quot;Microsoft YaHei&quot;;font-weight:700;\">资讯信息</span><span style=\"color:#0E2D5F;font-family:&quot;Microsoft YaHei&quot;;font-weight:700;\">资讯信息</span><span style=\"color:#0E2D5F;font-family:&quot;Microsoft YaHei&quot;;font-weight:700;\">资讯信息</span><span style=\"color:#0E2D5F;font-family:&quot;Microsoft YaHei&quot;;font-weight:700;\">资讯信息</span><span style=\"color:#0E2D5F;font-family:&quot;Microsoft YaHei&quot;;font-weight:700;\">资讯信息</span><span style=\"color:#0E2D5F;font-family:&quot;Microsoft YaHei&quot;;font-weight:700;\">资讯信息</span><span style=\"color:#0E2D5F;font-family:&quot;Microsoft YaHei&quot;;font-weight:700;\">资讯信息</span><span style=\"color:#0E2D5F;font-family:&quot;Microsoft YaHei&quot;;font-weight:700;\">资讯信息</span><span style=\"color:#0E2D5F;font-family:&quot;Microsoft YaHei&quot;;font-weight:700;\">资讯信息</span><span style=\"color:#0E2D5F;font-family:&quot;Microsoft YaHei&quot;;font-weight:700;\">资讯信息</span><span style=\"color:#0E2D5F;font-family:&quot;Microsoft YaHei&quot;;font-weight:700;\">资讯信息</span><span style=\"color:#0E2D5F;font-family:&quot;Microsoft YaHei&quot;;font-weight:700;\">资讯信息</span><span></span><span style=\"color:#0E2D5F;font-family:&quot;Microsoft YaHei&quot;;font-weight:700;\">资讯信息</span><span style=\"color:#0E2D5F;font-family:&quot;Microsoft YaHei&quot;;font-weight:700;\">资讯信息</span><span style=\"color:#0E2D5F;font-family:&quot;Microsoft YaHei&quot;;font-weight:700;\">资讯信息</span><span style=\"color:#0E2D5F;font-family:&quot;Microsoft YaHei&quot;;font-weight:700;\">资讯信息</span><span style=\"color:#0E2D5F;font-family:&quot;Microsoft YaHei&quot;;font-weight:700;\">资讯信息</span><span style=\"color:#0E2D5F;font-family:&quot;Microsoft YaHei&quot;;font-weight:700;\">资讯信息</span><span style=\"color:#0E2D5F;font-family:&quot;Microsoft YaHei&quot;;font-weight:700;\">资讯信息</span><span style=\"color:#0E2D5F;font-family:&quot;Microsoft YaHei&quot;;font-weight:700;\">资讯信息</span><span style=\"color:#0E2D5F;font-family:&quot;Microsoft YaHei&quot;;font-weight:700;\">资讯信息</span><span style=\"color:#0E2D5F;font-family:&quot;Microsoft YaHei&quot;;font-weight:700;\">资讯信息</span><span style=\"color:#0E2D5F;font-family:&quot;Microsoft YaHei&quot;;font-weight:700;\">资讯信息</span><span style=\"color:#0E2D5F;font-family:&quot;Microsoft YaHei&quot;;font-weight:700;\">资讯信息</span><span style=\"color:#0E2D5F;font-family:&quot;Microsoft YaHei&quot;;font-weight:700;\">资讯信息</span><span style=\"color:#0E2D5F;font-family:&quot;Microsoft YaHei&quot;;font-weight:700;\">资讯信息</span><span style=\"color:#0E2D5F;font-family:&quot;Microsoft YaHei&quot;;font-weight:700;\">资讯信息</span><span style=\"color:#0E2D5F;font-family:&quot;Microsoft YaHei&quot;;font-weight:700;\">资讯信息</span><span style=\"color:#0E2D5F;font-family:&quot;Microsoft YaHei&quot;;font-weight:700;\">资讯信息</span><span style=\"color:#0E2D5F;font-family:&quot;Microsoft YaHei&quot;;font-weight:700;\">资讯信息</span><span style=\"color:#0E2D5F;font-family:&quot;Microsoft YaHei&quot;;font-weight:700;\">资讯信息</span><span style=\"color:#0E2D5F;font-family:&quot;Microsoft YaHei&quot;;font-weight:700;\">资讯信息</span><span style=\"color:#0E2D5F;font-family:&quot;Microsoft YaHei&quot;;font-weight:700;\">资讯信息</span><span style=\"color:#0E2D5F;font-family:&quot;Microsoft YaHei&quot;;font-weight:700;\">资讯信息</span><span></span><span style=\"color:#0E2D5F;font-family:&quot;Microsoft YaHei&quot;;font-weight:700;\">资讯信息</span><span style=\"color:#0E2D5F;font-family:&quot;Microsoft YaHei&quot;;font-weight:700;\">资讯信息</span><span style=\"color:#0E2D5F;font-family:&quot;Microsoft YaHei&quot;;font-weight:700;\">资讯信息</span><span style=\"color:#0E2D5F;font-family:&quot;Microsoft YaHei&quot;;font-weight:700;\">资讯信息</span><span style=\"color:#0E2D5F;font-family:&quot;Microsoft YaHei&quot;;font-weight:700;\">资讯信息</span><span style=\"color:#0E2D5F;font-family:&quot;Microsoft YaHei&quot;;font-weight:700;\">资讯信息</span><span style=\"color:#0E2D5F;font-family:&quot;Microsoft YaHei&quot;;font-weight:700;\">资讯信息</span><span style=\"color:#0E2D5F;font-family:&quot;Microsoft YaHei&quot;;font-weight:700;\">资讯信息</span><span style=\"color:#0E2D5F;font-family:&quot;Microsoft YaHei&quot;;font-weight:700;\">资讯信息</span><span style=\"color:#0E2D5F;font-family:&quot;Microsoft YaHei&quot;;font-weight:700;\">资讯信息</span><span style=\"color:#0E2D5F;font-family:&quot;Microsoft YaHei&quot;;font-weight:700;\">资讯信息</span><span style=\"color:#0E2D5F;font-family:&quot;Microsoft YaHei&quot;;font-weight:700;\">资讯信息</span><span style=\"color:#0E2D5F;font-family:&quot;Microsoft YaHei&quot;;font-weight:700;\">资讯信息</span><span style=\"color:#0E2D5F;font-family:&quot;Microsoft YaHei&quot;;font-weight:700;\">资讯信息</span><span style=\"color:#0E2D5F;font-family:&quot;Microsoft YaHei&quot;;font-weight:700;\">资讯信息</span><span style=\"color:#0E2D5F;font-family:&quot;Microsoft YaHei&quot;;font-weight:700;\">资讯信息</span><span style=\"color:#0E2D5F;font-family:&quot;Microsoft YaHei&quot;;font-weight:700;\">资讯信息</span><span style=\"color:#0E2D5F;font-family:&quot;Microsoft YaHei&quot;;font-weight:700;\">资讯信息</span><span style=\"color:#0E2D5F;font-family:&quot;Microsoft YaHei&quot;;font-weight:700;\">资讯信息</span><span style=\"color:#0E2D5F;font-family:&quot;Microsoft YaHei&quot;;font-weight:700;\">资讯信息</span><span style=\"color:#0E2D5F;font-family:&quot;Microsoft YaHei&quot;;font-weight:700;\">资讯信息</span><span style=\"color:#0E2D5F;font-family:&quot;Microsoft YaHei&quot;;font-weight:700;\">资讯信息</span><span></span><span style=\"color:#0E2D5F;font-family:&quot;Microsoft YaHei&quot;;font-weight:700;\">资讯信息</span><span style=\"color:#0E2D5F;font-family:&quot;Microsoft YaHei&quot;;font-weight:700;\">资讯信息</span><span style=\"color:#0E2D5F;font-family:&quot;Microsoft YaHei&quot;;font-weight:700;\">资讯信息</span><span style=\"color:#0E2D5F;font-family:&quot;Microsoft YaHei&quot;;font-weight:700;\">资讯信息</span><span style=\"color:#0E2D5F;font-family:&quot;Microsoft YaHei&quot;;font-weight:700;\">资讯信息</span><span style=\"color:#0E2D5F;font-family:&quot;Microsoft YaHei&quot;;font-weight:700;\">资讯信息</span><span style=\"color:#0E2D5F;font-family:&quot;Microsoft YaHei&quot;;font-weight:700;\">资讯信息</span><span style=\"color:#0E2D5F;font-family:&quot;Microsoft YaHei&quot;;font-weight:700;\">资讯信息</span><span style=\"color:#0E2D5F;font-family:&quot;Microsoft YaHei&quot;;font-weight:700;\">资讯信息</span><span style=\"color:#0E2D5F;font-family:&quot;Microsoft YaHei&quot;;font-weight:700;\">资讯信息</span><span style=\"color:#0E2D5F;font-family:&quot;Microsoft YaHei&quot;;font-weight:700;\">资讯信息</span><span style=\"color:#0E2D5F;font-family:&quot;Microsoft YaHei&quot;;font-weight:700;\">资讯信息</span><span style=\"color:#0E2D5F;font-family:&quot;Microsoft YaHei&quot;;font-weight:700;\">资讯信息</span><span style=\"color:#0E2D5F;font-family:&quot;Microsoft YaHei&quot;;font-weight:700;\">资讯信息</span><span style=\"color:#0E2D5F;font-family:&quot;Microsoft YaHei&quot;;font-weight:700;\">资讯信息</span><span style=\"color:#0E2D5F;font-family:&quot;Microsoft YaHei&quot;;font-weight:700;\">资讯信息</span><span style=\"color:#0E2D5F;font-family:&quot;Microsoft YaHei&quot;;font-weight:700;\">资讯信息</span><span style=\"color:#0E2D5F;font-family:&quot;Microsoft YaHei&quot;;font-weight:700;\">资讯信息</span><span style=\"color:#0E2D5F;font-family:&quot;Microsoft YaHei&quot;;font-weight:700;\">资讯信息</span><span style=\"color:#0E2D5F;font-family:&quot;Microsoft YaHei&quot;;font-weight:700;\">资讯信息</span><span style=\"color:#0E2D5F;font-family:&quot;Microsoft YaHei&quot;;font-weight:700;\">资讯信息</span><span style=\"color:#0E2D5F;font-family:&quot;Microsoft YaHei&quot;;font-weight:700;\">资讯信息</span><span></span><span style=\"color:#0E2D5F;font-family:&quot;Microsoft YaHei&quot;;font-weight:700;\">资讯信息</span><span style=\"color:#0E2D5F;font-family:&quot;Microsoft YaHei&quot;;font-weight:700;\">资讯信息</span><span style=\"color:#0E2D5F;font-family:&quot;Microsoft YaHei&quot;;font-weight:700;\">资讯信息</span><span style=\"color:#0E2D5F;font-family:&quot;Microsoft YaHei&quot;;font-weight:700;\">资讯信息</span><span style=\"color:#0E2D5F;font-family:&quot;Microsoft YaHei&quot;;font-weight:700;\">资讯信息</span><span style=\"color:#0E2D5F;font-family:&quot;Microsoft YaHei&quot;;font-weight:700;\">资讯信息</span><span style=\"color:#0E2D5F;font-family:&quot;Microsoft YaHei&quot;;font-weight:700;\">资讯信息</span><span style=\"color:#0E2D5F;font-family:&quot;Microsoft YaHei&quot;;font-weight:700;\">资讯信息</span><span style=\"color:#0E2D5F;font-family:&quot;Microsoft YaHei&quot;;font-weight:700;\">资讯信息</span><span style=\"color:#0E2D5F;font-family:&quot;Microsoft YaHei&quot;;font-weight:700;\">资讯信息</span><span style=\"color:#0E2D5F;font-family:&quot;Microsoft YaHei&quot;;font-weight:700;\">资讯信息</span><span style=\"color:#0E2D5F;font-family:&quot;Microsoft YaHei&quot;;font-weight:700;\">资讯信息</span><span style=\"color:#0E2D5F;font-family:&quot;Microsoft YaHei&quot;;font-weight:700;\">资讯信息</span><span style=\"color:#0E2D5F;font-family:&quot;Microsoft YaHei&quot;;font-weight:700;\">资讯信息</span><span style=\"color:#0E2D5F;font-family:&quot;Microsoft YaHei&quot;;font-weight:700;\">资讯信息</span><span style=\"color:#0E2D5F;font-family:&quot;Microsoft YaHei&quot;;font-weight:700;\">资讯信息</span><span style=\"color:#0E2D5F;font-family:&quot;Microsoft YaHei&quot;;font-weight:700;\">资讯信息</span><span style=\"color:#0E2D5F;font-family:&quot;Microsoft YaHei&quot;;font-weight:700;\">资讯信息</span><span style=\"color:#0E2D5F;font-family:&quot;Microsoft YaHei&quot;;font-weight:700;\">资讯信息</span><span style=\"color:#0E2D5F;font-family:&quot;Microsoft YaHei&quot;;font-weight:700;\">资讯信息</span><span style=\"color:#0E2D5F;font-family:&quot;Microsoft YaHei&quot;;font-weight:700;\">资讯信息</span><span style=\"color:#0E2D5F;font-family:&quot;Microsoft YaHei&quot;;font-weight:700;\">资讯信息</span><span></span><span style=\"color:#0E2D5F;font-family:&quot;Microsoft YaHei&quot;;font-weight:700;\">资讯信息</span><span style=\"color:#0E2D5F;font-family:&quot;Microsoft YaHei&quot;;font-weight:700;\">资讯信息</span><span style=\"color:#0E2D5F;font-family:&quot;Microsoft YaHei&quot;;font-weight:700;\">资讯信息</span><span style=\"color:#0E2D5F;font-family:&quot;Microsoft YaHei&quot;;font-weight:700;\">资讯信息</span><span style=\"color:#0E2D5F;font-family:&quot;Microsoft YaHei&quot;;font-weight:700;\">资讯信息</span><span style=\"color:#0E2D5F;font-family:&quot;Microsoft YaHei&quot;;font-weight:700;\">资讯信息</span><span style=\"color:#0E2D5F;font-family:&quot;Microsoft YaHei&quot;;font-weight:700;\">资讯信息</span><span style=\"color:#0E2D5F;font-family:&quot;Microsoft YaHei&quot;;font-weight:700;\">资讯信息</span><span style=\"color:#0E2D5F;font-family:&quot;Microsoft YaHei&quot;;font-weight:700;\">资讯信息</span><span style=\"color:#0E2D5F;font-family:&quot;Microsoft YaHei&quot;;font-weight:700;\">资讯信息</span><span style=\"color:#0E2D5F;font-family:&quot;Microsoft YaHei&quot;;font-weight:700;\">资讯信息</span><span style=\"color:#0E2D5F;font-family:&quot;Microsoft YaHei&quot;;font-weight:700;\">资讯信息</span><span style=\"color:#0E2D5F;font-family:&quot;Microsoft YaHei&quot;;font-weight:700;\">资讯信息</span><span style=\"color:#0E2D5F;font-family:&quot;Microsoft YaHei&quot;;font-weight:700;\">资讯信息</span><span style=\"color:#0E2D5F;font-family:&quot;Microsoft YaHei&quot;;font-weight:700;\">资讯信息</span><span style=\"color:#0E2D5F;font-family:&quot;Microsoft YaHei&quot;;font-weight:700;\">资讯信息</span><span style=\"color:#0E2D5F;font-family:&quot;Microsoft YaHei&quot;;font-weight:700;\">资讯信息</span><span style=\"color:#0E2D5F;font-family:&quot;Microsoft YaHei&quot;;font-weight:700;\">资讯信息</span><span style=\"color:#0E2D5F;font-family:&quot;Microsoft YaHei&quot;;font-weight:700;\">资讯信息</span><span style=\"color:#0E2D5F;font-family:&quot;Microsoft YaHei&quot;;font-weight:700;\">资讯信息</span><span style=\"color:#0E2D5F;font-family:&quot;Microsoft YaHei&quot;;font-weight:700;\">资讯信息</span><span style=\"color:#0E2D5F;font-family:&quot;Microsoft YaHei&quot;;font-weight:700;\">资讯信息</span><span></span><span style=\"color:#0E2D5F;font-family:&quot;Microsoft YaHei&quot;;font-weight:700;\">资讯信息</span><span style=\"color:#0E2D5F;font-family:&quot;Microsoft YaHei&quot;;font-weight:700;\">资讯信息</span><span style=\"color:#0E2D5F;font-family:&quot;Microsoft YaHei&quot;;font-weight:700;\">资讯信息</span><span style=\"color:#0E2D5F;font-family:&quot;Microsoft YaHei&quot;;font-weight:700;\">资讯信息</span><span style=\"color:#0E2D5F;font-family:&quot;Microsoft YaHei&quot;;font-weight:700;\">资讯信息</span><span style=\"color:#0E2D5F;font-family:&quot;Microsoft YaHei&quot;;font-weight:700;\">资讯信息</span><span style=\"color:#0E2D5F;font-family:&quot;Microsoft YaHei&quot;;font-weight:700;\">资讯信息</span><span style=\"color:#0E2D5F;font-family:&quot;Microsoft YaHei&quot;;font-weight:700;\">资讯信息</span><span style=\"color:#0E2D5F;font-family:&quot;Microsoft YaHei&quot;;font-weight:700;\">资讯信息</span><span style=\"color:#0E2D5F;font-family:&quot;Microsoft YaHei&quot;;font-weight:700;\">资讯信息</span><span style=\"color:#0E2D5F;font-family:&quot;Microsoft YaHei&quot;;font-weight:700;\">资讯信息</span><span style=\"color:#0E2D5F;font-family:&quot;Microsoft YaHei&quot;;font-weight:700;\">资讯信息</span><span style=\"color:#0E2D5F;font-family:&quot;Microsoft YaHei&quot;;font-weight:700;\">资讯信息</span><span style=\"color:#0E2D5F;font-family:&quot;Microsoft YaHei&quot;;font-weight:700;\">资讯信息</span><span style=\"color:#0E2D5F;font-family:&quot;Microsoft YaHei&quot;;font-weight:700;\">资讯信息</span><span style=\"color:#0E2D5F;font-family:&quot;Microsoft YaHei&quot;;font-weight:700;\">资讯信息</span><span style=\"color:#0E2D5F;font-family:&quot;Microsoft YaHei&quot;;font-weight:700;\">资讯信息</span><span style=\"color:#0E2D5F;font-family:&quot;Microsoft YaHei&quot;;font-weight:700;\">资讯信息</span><span style=\"color:#0E2D5F;font-family:&quot;Microsoft YaHei&quot;;font-weight:700;\">资讯信息</span><span style=\"color:#0E2D5F;font-family:&quot;Microsoft YaHei&quot;;font-weight:700;\">资讯信息</span><span style=\"color:#0E2D5F;font-family:&quot;Microsoft YaHei&quot;;font-weight:700;\">资讯信息</span><span style=\"color:#0E2D5F;font-family:&quot;Microsoft YaHei&quot;;font-weight:700;\">资讯信息</span><span></span><span style=\"color:#0E2D5F;font-family:&quot;Microsoft YaHei&quot;;font-weight:700;\">资讯信息</span><span style=\"color:#0E2D5F;font-family:&quot;Microsoft YaHei&quot;;font-weight:700;\">资讯信息</span><span style=\"color:#0E2D5F;font-family:&quot;Microsoft YaHei&quot;;font-weight:700;\">资讯信息</span><span style=\"color:#0E2D5F;font-family:&quot;Microsoft YaHei&quot;;font-weight:700;\">资讯信息</span><span style=\"color:#0E2D5F;font-family:&quot;Microsoft YaHei&quot;;font-weight:700;\">资讯信息</span><span style=\"color:#0E2D5F;font-family:&quot;Microsoft YaHei&quot;;font-weight:700;\">资讯信息</span><span style=\"color:#0E2D5F;font-family:&quot;Microsoft YaHei&quot;;font-weight:700;\">资讯信息</span><span style=\"color:#0E2D5F;font-family:&quot;Microsoft YaHei&quot;;font-weight:700;\">资讯信息</span><span style=\"color:#0E2D5F;font-family:&quot;Microsoft YaHei&quot;;font-weight:700;\">资讯信息</span><span style=\"color:#0E2D5F;font-family:&quot;Microsoft YaHei&quot;;font-weight:700;\">资讯信息</span><span style=\"color:#0E2D5F;font-family:&quot;Microsoft YaHei&quot;;font-weight:700;\">资讯信息</span><span style=\"color:#0E2D5F;font-family:&quot;Microsoft YaHei&quot;;font-weight:700;\">资讯信息</span><span style=\"color:#0E2D5F;font-family:&quot;Microsoft YaHei&quot;;font-weight:700;\">资讯信息</span><span style=\"color:#0E2D5F;font-family:&quot;Microsoft YaHei&quot;;font-weight:700;\">资讯信息</span><span style=\"color:#0E2D5F;font-family:&quot;Microsoft YaHei&quot;;font-weight:700;\">资讯信息</span><span style=\"color:#0E2D5F;font-family:&quot;Microsoft YaHei&quot;;font-weight:700;\">资讯信息</span><span style=\"color:#0E2D5F;font-family:&quot;Microsoft YaHei&quot;;font-weight:700;\">资讯信息</span><span style=\"color:#0E2D5F;font-family:&quot;Microsoft YaHei&quot;;font-weight:700;\">资讯信息</span><span style=\"color:#0E2D5F;font-family:&quot;Microsoft YaHei&quot;;font-weight:700;\">资讯信息</span><span style=\"color:#0E2D5F;font-family:&quot;Microsoft YaHei&quot;;font-weight:700;\">资讯信息</span><span style=\"color:#0E2D5F;font-family:&quot;Microsoft YaHei&quot;;font-weight:700;\">资讯信息</span><span style=\"color:#0E2D5F;font-family:&quot;Microsoft YaHei&quot;;font-weight:700;\">资讯信息</span><span></span>资讯信息资讯信息资讯信息资讯信息资讯信息资讯信息资讯信息资讯信息资讯信息资讯信息资讯信息资讯信息资讯信息资讯信息资讯信息资讯信息资讯信息资讯信息资讯信息资讯信息资讯信息资讯信息资讯信息资讯信息资讯信息资讯信息资讯信息资讯信息资讯信息资讯信息资讯信息资讯信息资讯信息资讯信息资讯信息资讯信息资讯信息资讯信息资讯信息资讯信息资讯信息资讯信息资讯信息资讯信息资讯信息资讯信息资讯信息资讯信息资讯信息资讯信息资讯信息资讯信息资讯信息资讯信息资讯信息资讯信息资讯信息资讯信息资讯信息资讯信息资讯信息资讯信息资讯信息资讯信息资讯信息资讯信息资讯信息资讯信息资讯信息资讯信息资讯信息资讯信息资讯信息资讯信息资讯信息资讯信息资讯信息资讯信息资讯信息资讯信息资讯信息资讯信息资讯信息资讯信息资讯信息资讯信息资讯信息资讯信息资讯信息资讯信息资讯信息资讯信息资讯信息资讯信息资讯信息资讯信息资讯信息资讯信息资讯信息资讯信息资讯信息资讯信息资讯信息资讯信息资讯信息资讯信息资讯信息资讯信息资讯信息资讯信息</span>', '/file/17.jpg', '17.jpg', '2023-12-15 16:09:07', '2', '类型二');
INSERT INTO `t_gonggao` VALUES ('5', '资讯信息5', '<span style=\"color:#0E2D5F;font-family:&quot;Microsoft YaHei&quot;;font-weight:700;\"><span style=\"color:#0E2D5F;font-family:&quot;Microsoft YaHei&quot;;font-weight:700;\">资讯信息</span><span style=\"color:#0E2D5F;font-family:&quot;Microsoft YaHei&quot;;font-weight:700;\">资讯信息</span><span style=\"color:#0E2D5F;font-family:&quot;Microsoft YaHei&quot;;font-weight:700;\">资讯信息</span><span style=\"color:#0E2D5F;font-family:&quot;Microsoft YaHei&quot;;font-weight:700;\">资讯信息</span><span style=\"color:#0E2D5F;font-family:&quot;Microsoft YaHei&quot;;font-weight:700;\">资讯信息</span><span style=\"color:#0E2D5F;font-family:&quot;Microsoft YaHei&quot;;font-weight:700;\">资讯信息</span><span style=\"color:#0E2D5F;font-family:&quot;Microsoft YaHei&quot;;font-weight:700;\">资讯信息</span><span style=\"color:#0E2D5F;font-family:&quot;Microsoft YaHei&quot;;font-weight:700;\">资讯信息</span><span style=\"color:#0E2D5F;font-family:&quot;Microsoft YaHei&quot;;font-weight:700;\">资讯信息</span><span style=\"color:#0E2D5F;font-family:&quot;Microsoft YaHei&quot;;font-weight:700;\">资讯信息</span><span style=\"color:#0E2D5F;font-family:&quot;Microsoft YaHei&quot;;font-weight:700;\">资讯信息</span><span style=\"color:#0E2D5F;font-family:&quot;Microsoft YaHei&quot;;font-weight:700;\">资讯信息</span><span style=\"color:#0E2D5F;font-family:&quot;Microsoft YaHei&quot;;font-weight:700;\">资讯信息</span><span style=\"color:#0E2D5F;font-family:&quot;Microsoft YaHei&quot;;font-weight:700;\">资讯信息</span><span style=\"color:#0E2D5F;font-family:&quot;Microsoft YaHei&quot;;font-weight:700;\">资讯信息</span><span style=\"color:#0E2D5F;font-family:&quot;Microsoft YaHei&quot;;font-weight:700;\">资讯信息</span><span style=\"color:#0E2D5F;font-family:&quot;Microsoft YaHei&quot;;font-weight:700;\">资讯信息</span><span style=\"color:#0E2D5F;font-family:&quot;Microsoft YaHei&quot;;font-weight:700;\">资讯信息</span><span style=\"color:#0E2D5F;font-family:&quot;Microsoft YaHei&quot;;font-weight:700;\">资讯信息</span><span style=\"color:#0E2D5F;font-family:&quot;Microsoft YaHei&quot;;font-weight:700;\">资讯信息</span><span style=\"color:#0E2D5F;font-family:&quot;Microsoft YaHei&quot;;font-weight:700;\">资讯信息</span><span style=\"color:#0E2D5F;font-family:&quot;Microsoft YaHei&quot;;font-weight:700;\">资讯信息</span><span></span><span style=\"color:#0E2D5F;font-family:&quot;Microsoft YaHei&quot;;font-weight:700;\">资讯信息</span><span style=\"color:#0E2D5F;font-family:&quot;Microsoft YaHei&quot;;font-weight:700;\">资讯信息</span><span style=\"color:#0E2D5F;font-family:&quot;Microsoft YaHei&quot;;font-weight:700;\">资讯信息</span><span style=\"color:#0E2D5F;font-family:&quot;Microsoft YaHei&quot;;font-weight:700;\">资讯信息</span><span style=\"color:#0E2D5F;font-family:&quot;Microsoft YaHei&quot;;font-weight:700;\">资讯信息</span><span style=\"color:#0E2D5F;font-family:&quot;Microsoft YaHei&quot;;font-weight:700;\">资讯信息</span><span style=\"color:#0E2D5F;font-family:&quot;Microsoft YaHei&quot;;font-weight:700;\">资讯信息</span><span style=\"color:#0E2D5F;font-family:&quot;Microsoft YaHei&quot;;font-weight:700;\">资讯信息</span><span style=\"color:#0E2D5F;font-family:&quot;Microsoft YaHei&quot;;font-weight:700;\">资讯信息</span><span style=\"color:#0E2D5F;font-family:&quot;Microsoft YaHei&quot;;font-weight:700;\">资讯信息</span><span style=\"color:#0E2D5F;font-family:&quot;Microsoft YaHei&quot;;font-weight:700;\">资讯信息</span><span style=\"color:#0E2D5F;font-family:&quot;Microsoft YaHei&quot;;font-weight:700;\">资讯信息</span><span style=\"color:#0E2D5F;font-family:&quot;Microsoft YaHei&quot;;font-weight:700;\">资讯信息</span><span style=\"color:#0E2D5F;font-family:&quot;Microsoft YaHei&quot;;font-weight:700;\">资讯信息</span><span style=\"color:#0E2D5F;font-family:&quot;Microsoft YaHei&quot;;font-weight:700;\">资讯信息</span><span style=\"color:#0E2D5F;font-family:&quot;Microsoft YaHei&quot;;font-weight:700;\">资讯信息</span><span style=\"color:#0E2D5F;font-family:&quot;Microsoft YaHei&quot;;font-weight:700;\">资讯信息</span><span style=\"color:#0E2D5F;font-family:&quot;Microsoft YaHei&quot;;font-weight:700;\">资讯信息</span><span style=\"color:#0E2D5F;font-family:&quot;Microsoft YaHei&quot;;font-weight:700;\">资讯信息</span><span style=\"color:#0E2D5F;font-family:&quot;Microsoft YaHei&quot;;font-weight:700;\">资讯信息</span><span style=\"color:#0E2D5F;font-family:&quot;Microsoft YaHei&quot;;font-weight:700;\">资讯信息</span><span style=\"color:#0E2D5F;font-family:&quot;Microsoft YaHei&quot;;font-weight:700;\">资讯信息</span><span></span><span style=\"color:#0E2D5F;font-family:&quot;Microsoft YaHei&quot;;font-weight:700;\">资讯信息</span><span style=\"color:#0E2D5F;font-family:&quot;Microsoft YaHei&quot;;font-weight:700;\">资讯信息</span><span style=\"color:#0E2D5F;font-family:&quot;Microsoft YaHei&quot;;font-weight:700;\">资讯信息</span><span style=\"color:#0E2D5F;font-family:&quot;Microsoft YaHei&quot;;font-weight:700;\">资讯信息</span><span style=\"color:#0E2D5F;font-family:&quot;Microsoft YaHei&quot;;font-weight:700;\">资讯信息</span><span style=\"color:#0E2D5F;font-family:&quot;Microsoft YaHei&quot;;font-weight:700;\">资讯信息</span><span style=\"color:#0E2D5F;font-family:&quot;Microsoft YaHei&quot;;font-weight:700;\">资讯信息</span><span style=\"color:#0E2D5F;font-family:&quot;Microsoft YaHei&quot;;font-weight:700;\">资讯信息</span><span style=\"color:#0E2D5F;font-family:&quot;Microsoft YaHei&quot;;font-weight:700;\">资讯信息</span><span style=\"color:#0E2D5F;font-family:&quot;Microsoft YaHei&quot;;font-weight:700;\">资讯信息</span><span style=\"color:#0E2D5F;font-family:&quot;Microsoft YaHei&quot;;font-weight:700;\">资讯信息</span><span style=\"color:#0E2D5F;font-family:&quot;Microsoft YaHei&quot;;font-weight:700;\">资讯信息</span><span style=\"color:#0E2D5F;font-family:&quot;Microsoft YaHei&quot;;font-weight:700;\">资讯信息</span><span style=\"color:#0E2D5F;font-family:&quot;Microsoft YaHei&quot;;font-weight:700;\">资讯信息</span><span style=\"color:#0E2D5F;font-family:&quot;Microsoft YaHei&quot;;font-weight:700;\">资讯信息</span><span style=\"color:#0E2D5F;font-family:&quot;Microsoft YaHei&quot;;font-weight:700;\">资讯信息</span><span style=\"color:#0E2D5F;font-family:&quot;Microsoft YaHei&quot;;font-weight:700;\">资讯信息</span><span style=\"color:#0E2D5F;font-family:&quot;Microsoft YaHei&quot;;font-weight:700;\">资讯信息</span><span style=\"color:#0E2D5F;font-family:&quot;Microsoft YaHei&quot;;font-weight:700;\">资讯信息</span><span style=\"color:#0E2D5F;font-family:&quot;Microsoft YaHei&quot;;font-weight:700;\">资讯信息</span><span style=\"color:#0E2D5F;font-family:&quot;Microsoft YaHei&quot;;font-weight:700;\">资讯信息</span><span style=\"color:#0E2D5F;font-family:&quot;Microsoft YaHei&quot;;font-weight:700;\">资讯信息</span><span></span><span style=\"color:#0E2D5F;font-family:&quot;Microsoft YaHei&quot;;font-weight:700;\">资讯信息</span><span style=\"color:#0E2D5F;font-family:&quot;Microsoft YaHei&quot;;font-weight:700;\">资讯信息</span><span style=\"color:#0E2D5F;font-family:&quot;Microsoft YaHei&quot;;font-weight:700;\">资讯信息</span><span style=\"color:#0E2D5F;font-family:&quot;Microsoft YaHei&quot;;font-weight:700;\">资讯信息</span><span style=\"color:#0E2D5F;font-family:&quot;Microsoft YaHei&quot;;font-weight:700;\">资讯信息</span><span style=\"color:#0E2D5F;font-family:&quot;Microsoft YaHei&quot;;font-weight:700;\">资讯信息</span><span style=\"color:#0E2D5F;font-family:&quot;Microsoft YaHei&quot;;font-weight:700;\">资讯信息</span><span style=\"color:#0E2D5F;font-family:&quot;Microsoft YaHei&quot;;font-weight:700;\">资讯信息</span><span style=\"color:#0E2D5F;font-family:&quot;Microsoft YaHei&quot;;font-weight:700;\">资讯信息</span><span style=\"color:#0E2D5F;font-family:&quot;Microsoft YaHei&quot;;font-weight:700;\">资讯信息</span><span style=\"color:#0E2D5F;font-family:&quot;Microsoft YaHei&quot;;font-weight:700;\">资讯信息</span><span style=\"color:#0E2D5F;font-family:&quot;Microsoft YaHei&quot;;font-weight:700;\">资讯信息</span><span style=\"color:#0E2D5F;font-family:&quot;Microsoft YaHei&quot;;font-weight:700;\">资讯信息</span><span style=\"color:#0E2D5F;font-family:&quot;Microsoft YaHei&quot;;font-weight:700;\">资讯信息</span><span style=\"color:#0E2D5F;font-family:&quot;Microsoft YaHei&quot;;font-weight:700;\">资讯信息</span><span style=\"color:#0E2D5F;font-family:&quot;Microsoft YaHei&quot;;font-weight:700;\">资讯信息</span><span style=\"color:#0E2D5F;font-family:&quot;Microsoft YaHei&quot;;font-weight:700;\">资讯信息</span><span style=\"color:#0E2D5F;font-family:&quot;Microsoft YaHei&quot;;font-weight:700;\">资讯信息</span><span style=\"color:#0E2D5F;font-family:&quot;Microsoft YaHei&quot;;font-weight:700;\">资讯信息</span><span style=\"color:#0E2D5F;font-family:&quot;Microsoft YaHei&quot;;font-weight:700;\">资讯信息</span><span style=\"color:#0E2D5F;font-family:&quot;Microsoft YaHei&quot;;font-weight:700;\">资讯信息</span><span style=\"color:#0E2D5F;font-family:&quot;Microsoft YaHei&quot;;font-weight:700;\">资讯信息</span><span></span><span style=\"color:#0E2D5F;font-family:&quot;Microsoft YaHei&quot;;font-weight:700;\">资讯信息</span><span style=\"color:#0E2D5F;font-family:&quot;Microsoft YaHei&quot;;font-weight:700;\">资讯信息</span><span style=\"color:#0E2D5F;font-family:&quot;Microsoft YaHei&quot;;font-weight:700;\">资讯信息</span><span style=\"color:#0E2D5F;font-family:&quot;Microsoft YaHei&quot;;font-weight:700;\">资讯信息</span><span style=\"color:#0E2D5F;font-family:&quot;Microsoft YaHei&quot;;font-weight:700;\">资讯信息</span><span style=\"color:#0E2D5F;font-family:&quot;Microsoft YaHei&quot;;font-weight:700;\">资讯信息</span><span style=\"color:#0E2D5F;font-family:&quot;Microsoft YaHei&quot;;font-weight:700;\">资讯信息</span><span style=\"color:#0E2D5F;font-family:&quot;Microsoft YaHei&quot;;font-weight:700;\">资讯信息</span><span style=\"color:#0E2D5F;font-family:&quot;Microsoft YaHei&quot;;font-weight:700;\">资讯信息</span><span style=\"color:#0E2D5F;font-family:&quot;Microsoft YaHei&quot;;font-weight:700;\">资讯信息</span><span style=\"color:#0E2D5F;font-family:&quot;Microsoft YaHei&quot;;font-weight:700;\">资讯信息</span><span style=\"color:#0E2D5F;font-family:&quot;Microsoft YaHei&quot;;font-weight:700;\">资讯信息</span><span style=\"color:#0E2D5F;font-family:&quot;Microsoft YaHei&quot;;font-weight:700;\">资讯信息</span><span style=\"color:#0E2D5F;font-family:&quot;Microsoft YaHei&quot;;font-weight:700;\">资讯信息</span><span style=\"color:#0E2D5F;font-family:&quot;Microsoft YaHei&quot;;font-weight:700;\">资讯信息</span><span style=\"color:#0E2D5F;font-family:&quot;Microsoft YaHei&quot;;font-weight:700;\">资讯信息</span><span style=\"color:#0E2D5F;font-family:&quot;Microsoft YaHei&quot;;font-weight:700;\">资讯信息</span><span style=\"color:#0E2D5F;font-family:&quot;Microsoft YaHei&quot;;font-weight:700;\">资讯信息</span><span style=\"color:#0E2D5F;font-family:&quot;Microsoft YaHei&quot;;font-weight:700;\">资讯信息</span><span style=\"color:#0E2D5F;font-family:&quot;Microsoft YaHei&quot;;font-weight:700;\">资讯信息</span><span style=\"color:#0E2D5F;font-family:&quot;Microsoft YaHei&quot;;font-weight:700;\">资讯信息</span><span style=\"color:#0E2D5F;font-family:&quot;Microsoft YaHei&quot;;font-weight:700;\">资讯信息</span><span></span><span style=\"color:#0E2D5F;font-family:&quot;Microsoft YaHei&quot;;font-weight:700;\">资讯信息</span><span style=\"color:#0E2D5F;font-family:&quot;Microsoft YaHei&quot;;font-weight:700;\">资讯信息</span><span style=\"color:#0E2D5F;font-family:&quot;Microsoft YaHei&quot;;font-weight:700;\">资讯信息</span><span style=\"color:#0E2D5F;font-family:&quot;Microsoft YaHei&quot;;font-weight:700;\">资讯信息</span><span style=\"color:#0E2D5F;font-family:&quot;Microsoft YaHei&quot;;font-weight:700;\">资讯信息</span><span style=\"color:#0E2D5F;font-family:&quot;Microsoft YaHei&quot;;font-weight:700;\">资讯信息</span><span style=\"color:#0E2D5F;font-family:&quot;Microsoft YaHei&quot;;font-weight:700;\">资讯信息</span><span style=\"color:#0E2D5F;font-family:&quot;Microsoft YaHei&quot;;font-weight:700;\">资讯信息</span><span style=\"color:#0E2D5F;font-family:&quot;Microsoft YaHei&quot;;font-weight:700;\">资讯信息</span><span style=\"color:#0E2D5F;font-family:&quot;Microsoft YaHei&quot;;font-weight:700;\">资讯信息</span><span style=\"color:#0E2D5F;font-family:&quot;Microsoft YaHei&quot;;font-weight:700;\">资讯信息</span><span style=\"color:#0E2D5F;font-family:&quot;Microsoft YaHei&quot;;font-weight:700;\">资讯信息</span><span style=\"color:#0E2D5F;font-family:&quot;Microsoft YaHei&quot;;font-weight:700;\">资讯信息</span><span style=\"color:#0E2D5F;font-family:&quot;Microsoft YaHei&quot;;font-weight:700;\">资讯信息</span><span style=\"color:#0E2D5F;font-family:&quot;Microsoft YaHei&quot;;font-weight:700;\">资讯信息</span><span style=\"color:#0E2D5F;font-family:&quot;Microsoft YaHei&quot;;font-weight:700;\">资讯信息</span><span style=\"color:#0E2D5F;font-family:&quot;Microsoft YaHei&quot;;font-weight:700;\">资讯信息</span><span style=\"color:#0E2D5F;font-family:&quot;Microsoft YaHei&quot;;font-weight:700;\">资讯信息</span><span style=\"color:#0E2D5F;font-family:&quot;Microsoft YaHei&quot;;font-weight:700;\">资讯信息</span><span style=\"color:#0E2D5F;font-family:&quot;Microsoft YaHei&quot;;font-weight:700;\">资讯信息</span><span style=\"color:#0E2D5F;font-family:&quot;Microsoft YaHei&quot;;font-weight:700;\">资讯信息</span><span style=\"color:#0E2D5F;font-family:&quot;Microsoft YaHei&quot;;font-weight:700;\">资讯信息</span><span></span><span style=\"color:#0E2D5F;font-family:&quot;Microsoft YaHei&quot;;font-weight:700;\">资讯信息</span><span style=\"color:#0E2D5F;font-family:&quot;Microsoft YaHei&quot;;font-weight:700;\">资讯信息</span><span style=\"color:#0E2D5F;font-family:&quot;Microsoft YaHei&quot;;font-weight:700;\">资讯信息</span><span style=\"color:#0E2D5F;font-family:&quot;Microsoft YaHei&quot;;font-weight:700;\">资讯信息</span><span style=\"color:#0E2D5F;font-family:&quot;Microsoft YaHei&quot;;font-weight:700;\">资讯信息</span><span style=\"color:#0E2D5F;font-family:&quot;Microsoft YaHei&quot;;font-weight:700;\">资讯信息</span><span style=\"color:#0E2D5F;font-family:&quot;Microsoft YaHei&quot;;font-weight:700;\">资讯信息</span><span style=\"color:#0E2D5F;font-family:&quot;Microsoft YaHei&quot;;font-weight:700;\">资讯信息</span><span style=\"color:#0E2D5F;font-family:&quot;Microsoft YaHei&quot;;font-weight:700;\">资讯信息</span><span style=\"color:#0E2D5F;font-family:&quot;Microsoft YaHei&quot;;font-weight:700;\">资讯信息</span><span style=\"color:#0E2D5F;font-family:&quot;Microsoft YaHei&quot;;font-weight:700;\">资讯信息</span><span style=\"color:#0E2D5F;font-family:&quot;Microsoft YaHei&quot;;font-weight:700;\">资讯信息</span><span style=\"color:#0E2D5F;font-family:&quot;Microsoft YaHei&quot;;font-weight:700;\">资讯信息</span><span style=\"color:#0E2D5F;font-family:&quot;Microsoft YaHei&quot;;font-weight:700;\">资讯信息</span><span style=\"color:#0E2D5F;font-family:&quot;Microsoft YaHei&quot;;font-weight:700;\">资讯信息</span><span style=\"color:#0E2D5F;font-family:&quot;Microsoft YaHei&quot;;font-weight:700;\">资讯信息</span><span style=\"color:#0E2D5F;font-family:&quot;Microsoft YaHei&quot;;font-weight:700;\">资讯信息</span><span style=\"color:#0E2D5F;font-family:&quot;Microsoft YaHei&quot;;font-weight:700;\">资讯信息</span><span style=\"color:#0E2D5F;font-family:&quot;Microsoft YaHei&quot;;font-weight:700;\">资讯信息</span><span style=\"color:#0E2D5F;font-family:&quot;Microsoft YaHei&quot;;font-weight:700;\">资讯信息</span><span style=\"color:#0E2D5F;font-family:&quot;Microsoft YaHei&quot;;font-weight:700;\">资讯信息</span><span style=\"color:#0E2D5F;font-family:&quot;Microsoft YaHei&quot;;font-weight:700;\">资讯信息</span><span></span><span style=\"color:#0E2D5F;font-family:&quot;Microsoft YaHei&quot;;font-weight:700;\">资讯信息</span><span style=\"color:#0E2D5F;font-family:&quot;Microsoft YaHei&quot;;font-weight:700;\">资讯信息</span><span style=\"color:#0E2D5F;font-family:&quot;Microsoft YaHei&quot;;font-weight:700;\">资讯信息</span><span style=\"color:#0E2D5F;font-family:&quot;Microsoft YaHei&quot;;font-weight:700;\">资讯信息</span><span style=\"color:#0E2D5F;font-family:&quot;Microsoft YaHei&quot;;font-weight:700;\">资讯信息</span><span style=\"color:#0E2D5F;font-family:&quot;Microsoft YaHei&quot;;font-weight:700;\">资讯信息</span><span style=\"color:#0E2D5F;font-family:&quot;Microsoft YaHei&quot;;font-weight:700;\">资讯信息</span><span style=\"color:#0E2D5F;font-family:&quot;Microsoft YaHei&quot;;font-weight:700;\">资讯信息</span><span style=\"color:#0E2D5F;font-family:&quot;Microsoft YaHei&quot;;font-weight:700;\">资讯信息</span><span style=\"color:#0E2D5F;font-family:&quot;Microsoft YaHei&quot;;font-weight:700;\">资讯信息</span><span style=\"color:#0E2D5F;font-family:&quot;Microsoft YaHei&quot;;font-weight:700;\">资讯信息</span><span style=\"color:#0E2D5F;font-family:&quot;Microsoft YaHei&quot;;font-weight:700;\">资讯信息</span><span style=\"color:#0E2D5F;font-family:&quot;Microsoft YaHei&quot;;font-weight:700;\">资讯信息</span><span style=\"color:#0E2D5F;font-family:&quot;Microsoft YaHei&quot;;font-weight:700;\">资讯信息</span><span style=\"color:#0E2D5F;font-family:&quot;Microsoft YaHei&quot;;font-weight:700;\">资讯信息</span><span style=\"color:#0E2D5F;font-family:&quot;Microsoft YaHei&quot;;font-weight:700;\">资讯信息</span><span style=\"color:#0E2D5F;font-family:&quot;Microsoft YaHei&quot;;font-weight:700;\">资讯信息</span><span style=\"color:#0E2D5F;font-family:&quot;Microsoft YaHei&quot;;font-weight:700;\">资讯信息</span><span style=\"color:#0E2D5F;font-family:&quot;Microsoft YaHei&quot;;font-weight:700;\">资讯信息</span><span style=\"color:#0E2D5F;font-family:&quot;Microsoft YaHei&quot;;font-weight:700;\">资讯信息</span><span style=\"color:#0E2D5F;font-family:&quot;Microsoft YaHei&quot;;font-weight:700;\">资讯信息</span><span style=\"color:#0E2D5F;font-family:&quot;Microsoft YaHei&quot;;font-weight:700;\">资讯信息</span><span></span><span style=\"color:#0E2D5F;font-family:&quot;Microsoft YaHei&quot;;font-weight:700;\">资讯信息</span><span style=\"color:#0E2D5F;font-family:&quot;Microsoft YaHei&quot;;font-weight:700;\">资讯信息</span><span style=\"color:#0E2D5F;font-family:&quot;Microsoft YaHei&quot;;font-weight:700;\">资讯信息</span><span style=\"color:#0E2D5F;font-family:&quot;Microsoft YaHei&quot;;font-weight:700;\">资讯信息</span><span style=\"color:#0E2D5F;font-family:&quot;Microsoft YaHei&quot;;font-weight:700;\">资讯信息</span><span style=\"color:#0E2D5F;font-family:&quot;Microsoft YaHei&quot;;font-weight:700;\">资讯信息</span><span style=\"color:#0E2D5F;font-family:&quot;Microsoft YaHei&quot;;font-weight:700;\">资讯信息</span><span style=\"color:#0E2D5F;font-family:&quot;Microsoft YaHei&quot;;font-weight:700;\">资讯信息</span><span style=\"color:#0E2D5F;font-family:&quot;Microsoft YaHei&quot;;font-weight:700;\">资讯信息</span><span style=\"color:#0E2D5F;font-family:&quot;Microsoft YaHei&quot;;font-weight:700;\">资讯信息</span><span style=\"color:#0E2D5F;font-family:&quot;Microsoft YaHei&quot;;font-weight:700;\">资讯信息</span><span style=\"color:#0E2D5F;font-family:&quot;Microsoft YaHei&quot;;font-weight:700;\">资讯信息</span><span style=\"color:#0E2D5F;font-family:&quot;Microsoft YaHei&quot;;font-weight:700;\">资讯信息</span><span style=\"color:#0E2D5F;font-family:&quot;Microsoft YaHei&quot;;font-weight:700;\">资讯信息</span><span style=\"color:#0E2D5F;font-family:&quot;Microsoft YaHei&quot;;font-weight:700;\">资讯信息</span><span style=\"color:#0E2D5F;font-family:&quot;Microsoft YaHei&quot;;font-weight:700;\">资讯信息</span><span style=\"color:#0E2D5F;font-family:&quot;Microsoft YaHei&quot;;font-weight:700;\">资讯信息</span><span style=\"color:#0E2D5F;font-family:&quot;Microsoft YaHei&quot;;font-weight:700;\">资讯信息</span><span style=\"color:#0E2D5F;font-family:&quot;Microsoft YaHei&quot;;font-weight:700;\">资讯信息</span><span style=\"color:#0E2D5F;font-family:&quot;Microsoft YaHei&quot;;font-weight:700;\">资讯信息</span><span style=\"color:#0E2D5F;font-family:&quot;Microsoft YaHei&quot;;font-weight:700;\">资讯信息</span><span style=\"color:#0E2D5F;font-family:&quot;Microsoft YaHei&quot;;font-weight:700;\">资讯信息</span><span></span>资讯信息资讯信息资讯信息资讯信息资讯信息资讯信息资讯信息资讯信息资讯信息资讯信息资讯信息资讯信息资讯信息资讯信息资讯信息资讯信息资讯信息资讯信息资讯信息资讯信息资讯信息资讯信息资讯信息资讯信息资讯信息资讯信息资讯信息资讯信息资讯信息资讯信息资讯信息资讯信息资讯信息资讯信息资讯信息资讯信息资讯信息资讯信息资讯信息资讯信息资讯信息资讯信息资讯信息资讯信息资讯信息资讯信息资讯信息资讯信息资讯信息资讯信息资讯信息资讯信息资讯信息资讯信息资讯信息资讯信息资讯信息资讯信息资讯信息资讯信息资讯信息资讯信息资讯信息资讯信息资讯信息资讯信息资讯信息资讯信息资讯信息资讯信息资讯信息资讯信息资讯信息资讯信息资讯信息资讯信息资讯信息资讯信息资讯信息资讯信息资讯信息资讯信息资讯信息资讯信息资讯信息资讯信息资讯信息资讯信息资讯信息资讯信息资讯信息资讯信息资讯信息资讯信息资讯信息资讯信息资讯信息资讯信息资讯信息资讯信息资讯信息资讯信息资讯信息资讯信息资讯信息资讯信息资讯信息资讯信息资讯信息资讯信息</span>', '/file/18.jpg', '18.jpg', '2023-12-15 16:09:07', '2', '类型二');
INSERT INTO `t_gonggao` VALUES ('6', '资讯信息6', '<span style=\"color:#0E2D5F;font-family:&quot;Microsoft YaHei&quot;;font-weight:700;\"><span style=\"color:#0E2D5F;font-family:&quot;Microsoft YaHei&quot;;font-weight:700;\">资讯信息</span><span style=\"color:#0E2D5F;font-family:&quot;Microsoft YaHei&quot;;font-weight:700;\">资讯信息</span><span style=\"color:#0E2D5F;font-family:&quot;Microsoft YaHei&quot;;font-weight:700;\">资讯信息</span><span style=\"color:#0E2D5F;font-family:&quot;Microsoft YaHei&quot;;font-weight:700;\">资讯信息</span><span style=\"color:#0E2D5F;font-family:&quot;Microsoft YaHei&quot;;font-weight:700;\">资讯信息</span><span style=\"color:#0E2D5F;font-family:&quot;Microsoft YaHei&quot;;font-weight:700;\">资讯信息</span><span style=\"color:#0E2D5F;font-family:&quot;Microsoft YaHei&quot;;font-weight:700;\">资讯信息</span><span style=\"color:#0E2D5F;font-family:&quot;Microsoft YaHei&quot;;font-weight:700;\">资讯信息</span><span style=\"color:#0E2D5F;font-family:&quot;Microsoft YaHei&quot;;font-weight:700;\">资讯信息</span><span style=\"color:#0E2D5F;font-family:&quot;Microsoft YaHei&quot;;font-weight:700;\">资讯信息</span><span style=\"color:#0E2D5F;font-family:&quot;Microsoft YaHei&quot;;font-weight:700;\">资讯信息</span><span style=\"color:#0E2D5F;font-family:&quot;Microsoft YaHei&quot;;font-weight:700;\">资讯信息</span><span style=\"color:#0E2D5F;font-family:&quot;Microsoft YaHei&quot;;font-weight:700;\">资讯信息</span><span style=\"color:#0E2D5F;font-family:&quot;Microsoft YaHei&quot;;font-weight:700;\">资讯信息</span><span style=\"color:#0E2D5F;font-family:&quot;Microsoft YaHei&quot;;font-weight:700;\">资讯信息</span><span style=\"color:#0E2D5F;font-family:&quot;Microsoft YaHei&quot;;font-weight:700;\">资讯信息</span><span style=\"color:#0E2D5F;font-family:&quot;Microsoft YaHei&quot;;font-weight:700;\">资讯信息</span><span style=\"color:#0E2D5F;font-family:&quot;Microsoft YaHei&quot;;font-weight:700;\">资讯信息</span><span style=\"color:#0E2D5F;font-family:&quot;Microsoft YaHei&quot;;font-weight:700;\">资讯信息</span><span style=\"color:#0E2D5F;font-family:&quot;Microsoft YaHei&quot;;font-weight:700;\">资讯信息</span><span style=\"color:#0E2D5F;font-family:&quot;Microsoft YaHei&quot;;font-weight:700;\">资讯信息</span><span style=\"color:#0E2D5F;font-family:&quot;Microsoft YaHei&quot;;font-weight:700;\">资讯信息</span><span></span><span style=\"color:#0E2D5F;font-family:&quot;Microsoft YaHei&quot;;font-weight:700;\">资讯信息</span><span style=\"color:#0E2D5F;font-family:&quot;Microsoft YaHei&quot;;font-weight:700;\">资讯信息</span><span style=\"color:#0E2D5F;font-family:&quot;Microsoft YaHei&quot;;font-weight:700;\">资讯信息</span><span style=\"color:#0E2D5F;font-family:&quot;Microsoft YaHei&quot;;font-weight:700;\">资讯信息</span><span style=\"color:#0E2D5F;font-family:&quot;Microsoft YaHei&quot;;font-weight:700;\">资讯信息</span><span style=\"color:#0E2D5F;font-family:&quot;Microsoft YaHei&quot;;font-weight:700;\">资讯信息</span><span style=\"color:#0E2D5F;font-family:&quot;Microsoft YaHei&quot;;font-weight:700;\">资讯信息</span><span style=\"color:#0E2D5F;font-family:&quot;Microsoft YaHei&quot;;font-weight:700;\">资讯信息</span><span style=\"color:#0E2D5F;font-family:&quot;Microsoft YaHei&quot;;font-weight:700;\">资讯信息</span><span style=\"color:#0E2D5F;font-family:&quot;Microsoft YaHei&quot;;font-weight:700;\">资讯信息</span><span style=\"color:#0E2D5F;font-family:&quot;Microsoft YaHei&quot;;font-weight:700;\">资讯信息</span><span style=\"color:#0E2D5F;font-family:&quot;Microsoft YaHei&quot;;font-weight:700;\">资讯信息</span><span style=\"color:#0E2D5F;font-family:&quot;Microsoft YaHei&quot;;font-weight:700;\">资讯信息</span><span style=\"color:#0E2D5F;font-family:&quot;Microsoft YaHei&quot;;font-weight:700;\">资讯信息</span><span style=\"color:#0E2D5F;font-family:&quot;Microsoft YaHei&quot;;font-weight:700;\">资讯信息</span><span style=\"color:#0E2D5F;font-family:&quot;Microsoft YaHei&quot;;font-weight:700;\">资讯信息</span><span style=\"color:#0E2D5F;font-family:&quot;Microsoft YaHei&quot;;font-weight:700;\">资讯信息</span><span style=\"color:#0E2D5F;font-family:&quot;Microsoft YaHei&quot;;font-weight:700;\">资讯信息</span><span style=\"color:#0E2D5F;font-family:&quot;Microsoft YaHei&quot;;font-weight:700;\">资讯信息</span><span style=\"color:#0E2D5F;font-family:&quot;Microsoft YaHei&quot;;font-weight:700;\">资讯信息</span><span style=\"color:#0E2D5F;font-family:&quot;Microsoft YaHei&quot;;font-weight:700;\">资讯信息</span><span style=\"color:#0E2D5F;font-family:&quot;Microsoft YaHei&quot;;font-weight:700;\">资讯信息</span><span></span><span style=\"color:#0E2D5F;font-family:&quot;Microsoft YaHei&quot;;font-weight:700;\">资讯信息</span><span style=\"color:#0E2D5F;font-family:&quot;Microsoft YaHei&quot;;font-weight:700;\">资讯信息</span><span style=\"color:#0E2D5F;font-family:&quot;Microsoft YaHei&quot;;font-weight:700;\">资讯信息</span><span style=\"color:#0E2D5F;font-family:&quot;Microsoft YaHei&quot;;font-weight:700;\">资讯信息</span><span style=\"color:#0E2D5F;font-family:&quot;Microsoft YaHei&quot;;font-weight:700;\">资讯信息</span><span style=\"color:#0E2D5F;font-family:&quot;Microsoft YaHei&quot;;font-weight:700;\">资讯信息</span><span style=\"color:#0E2D5F;font-family:&quot;Microsoft YaHei&quot;;font-weight:700;\">资讯信息</span><span style=\"color:#0E2D5F;font-family:&quot;Microsoft YaHei&quot;;font-weight:700;\">资讯信息</span><span style=\"color:#0E2D5F;font-family:&quot;Microsoft YaHei&quot;;font-weight:700;\">资讯信息</span><span style=\"color:#0E2D5F;font-family:&quot;Microsoft YaHei&quot;;font-weight:700;\">资讯信息</span><span style=\"color:#0E2D5F;font-family:&quot;Microsoft YaHei&quot;;font-weight:700;\">资讯信息</span><span style=\"color:#0E2D5F;font-family:&quot;Microsoft YaHei&quot;;font-weight:700;\">资讯信息</span><span style=\"color:#0E2D5F;font-family:&quot;Microsoft YaHei&quot;;font-weight:700;\">资讯信息</span><span style=\"color:#0E2D5F;font-family:&quot;Microsoft YaHei&quot;;font-weight:700;\">资讯信息</span><span style=\"color:#0E2D5F;font-family:&quot;Microsoft YaHei&quot;;font-weight:700;\">资讯信息</span><span style=\"color:#0E2D5F;font-family:&quot;Microsoft YaHei&quot;;font-weight:700;\">资讯信息</span><span style=\"color:#0E2D5F;font-family:&quot;Microsoft YaHei&quot;;font-weight:700;\">资讯信息</span><span style=\"color:#0E2D5F;font-family:&quot;Microsoft YaHei&quot;;font-weight:700;\">资讯信息</span><span style=\"color:#0E2D5F;font-family:&quot;Microsoft YaHei&quot;;font-weight:700;\">资讯信息</span><span style=\"color:#0E2D5F;font-family:&quot;Microsoft YaHei&quot;;font-weight:700;\">资讯信息</span><span style=\"color:#0E2D5F;font-family:&quot;Microsoft YaHei&quot;;font-weight:700;\">资讯信息</span><span style=\"color:#0E2D5F;font-family:&quot;Microsoft YaHei&quot;;font-weight:700;\">资讯信息</span><span></span><span style=\"color:#0E2D5F;font-family:&quot;Microsoft YaHei&quot;;font-weight:700;\">资讯信息</span><span style=\"color:#0E2D5F;font-family:&quot;Microsoft YaHei&quot;;font-weight:700;\">资讯信息</span><span style=\"color:#0E2D5F;font-family:&quot;Microsoft YaHei&quot;;font-weight:700;\">资讯信息</span><span style=\"color:#0E2D5F;font-family:&quot;Microsoft YaHei&quot;;font-weight:700;\">资讯信息</span><span style=\"color:#0E2D5F;font-family:&quot;Microsoft YaHei&quot;;font-weight:700;\">资讯信息</span><span style=\"color:#0E2D5F;font-family:&quot;Microsoft YaHei&quot;;font-weight:700;\">资讯信息</span><span style=\"color:#0E2D5F;font-family:&quot;Microsoft YaHei&quot;;font-weight:700;\">资讯信息</span><span style=\"color:#0E2D5F;font-family:&quot;Microsoft YaHei&quot;;font-weight:700;\">资讯信息</span><span style=\"color:#0E2D5F;font-family:&quot;Microsoft YaHei&quot;;font-weight:700;\">资讯信息</span><span style=\"color:#0E2D5F;font-family:&quot;Microsoft YaHei&quot;;font-weight:700;\">资讯信息</span><span style=\"color:#0E2D5F;font-family:&quot;Microsoft YaHei&quot;;font-weight:700;\">资讯信息</span><span style=\"color:#0E2D5F;font-family:&quot;Microsoft YaHei&quot;;font-weight:700;\">资讯信息</span><span style=\"color:#0E2D5F;font-family:&quot;Microsoft YaHei&quot;;font-weight:700;\">资讯信息</span><span style=\"color:#0E2D5F;font-family:&quot;Microsoft YaHei&quot;;font-weight:700;\">资讯信息</span><span style=\"color:#0E2D5F;font-family:&quot;Microsoft YaHei&quot;;font-weight:700;\">资讯信息</span><span style=\"color:#0E2D5F;font-family:&quot;Microsoft YaHei&quot;;font-weight:700;\">资讯信息</span><span style=\"color:#0E2D5F;font-family:&quot;Microsoft YaHei&quot;;font-weight:700;\">资讯信息</span><span style=\"color:#0E2D5F;font-family:&quot;Microsoft YaHei&quot;;font-weight:700;\">资讯信息</span><span style=\"color:#0E2D5F;font-family:&quot;Microsoft YaHei&quot;;font-weight:700;\">资讯信息</span><span style=\"color:#0E2D5F;font-family:&quot;Microsoft YaHei&quot;;font-weight:700;\">资讯信息</span><span style=\"color:#0E2D5F;font-family:&quot;Microsoft YaHei&quot;;font-weight:700;\">资讯信息</span><span style=\"color:#0E2D5F;font-family:&quot;Microsoft YaHei&quot;;font-weight:700;\">资讯信息</span><span></span><span style=\"color:#0E2D5F;font-family:&quot;Microsoft YaHei&quot;;font-weight:700;\">资讯信息</span><span style=\"color:#0E2D5F;font-family:&quot;Microsoft YaHei&quot;;font-weight:700;\">资讯信息</span><span style=\"color:#0E2D5F;font-family:&quot;Microsoft YaHei&quot;;font-weight:700;\">资讯信息</span><span style=\"color:#0E2D5F;font-family:&quot;Microsoft YaHei&quot;;font-weight:700;\">资讯信息</span><span style=\"color:#0E2D5F;font-family:&quot;Microsoft YaHei&quot;;font-weight:700;\">资讯信息</span><span style=\"color:#0E2D5F;font-family:&quot;Microsoft YaHei&quot;;font-weight:700;\">资讯信息</span><span style=\"color:#0E2D5F;font-family:&quot;Microsoft YaHei&quot;;font-weight:700;\">资讯信息</span><span style=\"color:#0E2D5F;font-family:&quot;Microsoft YaHei&quot;;font-weight:700;\">资讯信息</span><span style=\"color:#0E2D5F;font-family:&quot;Microsoft YaHei&quot;;font-weight:700;\">资讯信息</span><span style=\"color:#0E2D5F;font-family:&quot;Microsoft YaHei&quot;;font-weight:700;\">资讯信息</span><span style=\"color:#0E2D5F;font-family:&quot;Microsoft YaHei&quot;;font-weight:700;\">资讯信息</span><span style=\"color:#0E2D5F;font-family:&quot;Microsoft YaHei&quot;;font-weight:700;\">资讯信息</span><span style=\"color:#0E2D5F;font-family:&quot;Microsoft YaHei&quot;;font-weight:700;\">资讯信息</span><span style=\"color:#0E2D5F;font-family:&quot;Microsoft YaHei&quot;;font-weight:700;\">资讯信息</span><span style=\"color:#0E2D5F;font-family:&quot;Microsoft YaHei&quot;;font-weight:700;\">资讯信息</span><span style=\"color:#0E2D5F;font-family:&quot;Microsoft YaHei&quot;;font-weight:700;\">资讯信息</span><span style=\"color:#0E2D5F;font-family:&quot;Microsoft YaHei&quot;;font-weight:700;\">资讯信息</span><span style=\"color:#0E2D5F;font-family:&quot;Microsoft YaHei&quot;;font-weight:700;\">资讯信息</span><span style=\"color:#0E2D5F;font-family:&quot;Microsoft YaHei&quot;;font-weight:700;\">资讯信息</span><span style=\"color:#0E2D5F;font-family:&quot;Microsoft YaHei&quot;;font-weight:700;\">资讯信息</span><span style=\"color:#0E2D5F;font-family:&quot;Microsoft YaHei&quot;;font-weight:700;\">资讯信息</span><span style=\"color:#0E2D5F;font-family:&quot;Microsoft YaHei&quot;;font-weight:700;\">资讯信息</span><span></span><span style=\"color:#0E2D5F;font-family:&quot;Microsoft YaHei&quot;;font-weight:700;\">资讯信息</span><span style=\"color:#0E2D5F;font-family:&quot;Microsoft YaHei&quot;;font-weight:700;\">资讯信息</span><span style=\"color:#0E2D5F;font-family:&quot;Microsoft YaHei&quot;;font-weight:700;\">资讯信息</span><span style=\"color:#0E2D5F;font-family:&quot;Microsoft YaHei&quot;;font-weight:700;\">资讯信息</span><span style=\"color:#0E2D5F;font-family:&quot;Microsoft YaHei&quot;;font-weight:700;\">资讯信息</span><span style=\"color:#0E2D5F;font-family:&quot;Microsoft YaHei&quot;;font-weight:700;\">资讯信息</span><span style=\"color:#0E2D5F;font-family:&quot;Microsoft YaHei&quot;;font-weight:700;\">资讯信息</span><span style=\"color:#0E2D5F;font-family:&quot;Microsoft YaHei&quot;;font-weight:700;\">资讯信息</span><span style=\"color:#0E2D5F;font-family:&quot;Microsoft YaHei&quot;;font-weight:700;\">资讯信息</span><span style=\"color:#0E2D5F;font-family:&quot;Microsoft YaHei&quot;;font-weight:700;\">资讯信息</span><span style=\"color:#0E2D5F;font-family:&quot;Microsoft YaHei&quot;;font-weight:700;\">资讯信息</span><span style=\"color:#0E2D5F;font-family:&quot;Microsoft YaHei&quot;;font-weight:700;\">资讯信息</span><span style=\"color:#0E2D5F;font-family:&quot;Microsoft YaHei&quot;;font-weight:700;\">资讯信息</span><span style=\"color:#0E2D5F;font-family:&quot;Microsoft YaHei&quot;;font-weight:700;\">资讯信息</span><span style=\"color:#0E2D5F;font-family:&quot;Microsoft YaHei&quot;;font-weight:700;\">资讯信息</span><span style=\"color:#0E2D5F;font-family:&quot;Microsoft YaHei&quot;;font-weight:700;\">资讯信息</span><span style=\"color:#0E2D5F;font-family:&quot;Microsoft YaHei&quot;;font-weight:700;\">资讯信息</span><span style=\"color:#0E2D5F;font-family:&quot;Microsoft YaHei&quot;;font-weight:700;\">资讯信息</span><span style=\"color:#0E2D5F;font-family:&quot;Microsoft YaHei&quot;;font-weight:700;\">资讯信息</span><span style=\"color:#0E2D5F;font-family:&quot;Microsoft YaHei&quot;;font-weight:700;\">资讯信息</span><span style=\"color:#0E2D5F;font-family:&quot;Microsoft YaHei&quot;;font-weight:700;\">资讯信息</span><span style=\"color:#0E2D5F;font-family:&quot;Microsoft YaHei&quot;;font-weight:700;\">资讯信息</span><span></span><span style=\"color:#0E2D5F;font-family:&quot;Microsoft YaHei&quot;;font-weight:700;\">资讯信息</span><span style=\"color:#0E2D5F;font-family:&quot;Microsoft YaHei&quot;;font-weight:700;\">资讯信息</span><span style=\"color:#0E2D5F;font-family:&quot;Microsoft YaHei&quot;;font-weight:700;\">资讯信息</span><span style=\"color:#0E2D5F;font-family:&quot;Microsoft YaHei&quot;;font-weight:700;\">资讯信息</span><span style=\"color:#0E2D5F;font-family:&quot;Microsoft YaHei&quot;;font-weight:700;\">资讯信息</span><span style=\"color:#0E2D5F;font-family:&quot;Microsoft YaHei&quot;;font-weight:700;\">资讯信息</span><span style=\"color:#0E2D5F;font-family:&quot;Microsoft YaHei&quot;;font-weight:700;\">资讯信息</span><span style=\"color:#0E2D5F;font-family:&quot;Microsoft YaHei&quot;;font-weight:700;\">资讯信息</span><span style=\"color:#0E2D5F;font-family:&quot;Microsoft YaHei&quot;;font-weight:700;\">资讯信息</span><span style=\"color:#0E2D5F;font-family:&quot;Microsoft YaHei&quot;;font-weight:700;\">资讯信息</span><span style=\"color:#0E2D5F;font-family:&quot;Microsoft YaHei&quot;;font-weight:700;\">资讯信息</span><span style=\"color:#0E2D5F;font-family:&quot;Microsoft YaHei&quot;;font-weight:700;\">资讯信息</span><span style=\"color:#0E2D5F;font-family:&quot;Microsoft YaHei&quot;;font-weight:700;\">资讯信息</span><span style=\"color:#0E2D5F;font-family:&quot;Microsoft YaHei&quot;;font-weight:700;\">资讯信息</span><span style=\"color:#0E2D5F;font-family:&quot;Microsoft YaHei&quot;;font-weight:700;\">资讯信息</span><span style=\"color:#0E2D5F;font-family:&quot;Microsoft YaHei&quot;;font-weight:700;\">资讯信息</span><span style=\"color:#0E2D5F;font-family:&quot;Microsoft YaHei&quot;;font-weight:700;\">资讯信息</span><span style=\"color:#0E2D5F;font-family:&quot;Microsoft YaHei&quot;;font-weight:700;\">资讯信息</span><span style=\"color:#0E2D5F;font-family:&quot;Microsoft YaHei&quot;;font-weight:700;\">资讯信息</span><span style=\"color:#0E2D5F;font-family:&quot;Microsoft YaHei&quot;;font-weight:700;\">资讯信息</span><span style=\"color:#0E2D5F;font-family:&quot;Microsoft YaHei&quot;;font-weight:700;\">资讯信息</span><span style=\"color:#0E2D5F;font-family:&quot;Microsoft YaHei&quot;;font-weight:700;\">资讯信息</span><span></span><span style=\"color:#0E2D5F;font-family:&quot;Microsoft YaHei&quot;;font-weight:700;\">资讯信息</span><span style=\"color:#0E2D5F;font-family:&quot;Microsoft YaHei&quot;;font-weight:700;\">资讯信息</span><span style=\"color:#0E2D5F;font-family:&quot;Microsoft YaHei&quot;;font-weight:700;\">资讯信息</span><span style=\"color:#0E2D5F;font-family:&quot;Microsoft YaHei&quot;;font-weight:700;\">资讯信息</span><span style=\"color:#0E2D5F;font-family:&quot;Microsoft YaHei&quot;;font-weight:700;\">资讯信息</span><span style=\"color:#0E2D5F;font-family:&quot;Microsoft YaHei&quot;;font-weight:700;\">资讯信息</span><span style=\"color:#0E2D5F;font-family:&quot;Microsoft YaHei&quot;;font-weight:700;\">资讯信息</span><span style=\"color:#0E2D5F;font-family:&quot;Microsoft YaHei&quot;;font-weight:700;\">资讯信息</span><span style=\"color:#0E2D5F;font-family:&quot;Microsoft YaHei&quot;;font-weight:700;\">资讯信息</span><span style=\"color:#0E2D5F;font-family:&quot;Microsoft YaHei&quot;;font-weight:700;\">资讯信息</span><span style=\"color:#0E2D5F;font-family:&quot;Microsoft YaHei&quot;;font-weight:700;\">资讯信息</span><span style=\"color:#0E2D5F;font-family:&quot;Microsoft YaHei&quot;;font-weight:700;\">资讯信息</span><span style=\"color:#0E2D5F;font-family:&quot;Microsoft YaHei&quot;;font-weight:700;\">资讯信息</span><span style=\"color:#0E2D5F;font-family:&quot;Microsoft YaHei&quot;;font-weight:700;\">资讯信息</span><span style=\"color:#0E2D5F;font-family:&quot;Microsoft YaHei&quot;;font-weight:700;\">资讯信息</span><span style=\"color:#0E2D5F;font-family:&quot;Microsoft YaHei&quot;;font-weight:700;\">资讯信息</span><span style=\"color:#0E2D5F;font-family:&quot;Microsoft YaHei&quot;;font-weight:700;\">资讯信息</span><span style=\"color:#0E2D5F;font-family:&quot;Microsoft YaHei&quot;;font-weight:700;\">资讯信息</span><span style=\"color:#0E2D5F;font-family:&quot;Microsoft YaHei&quot;;font-weight:700;\">资讯信息</span><span style=\"color:#0E2D5F;font-family:&quot;Microsoft YaHei&quot;;font-weight:700;\">资讯信息</span><span style=\"color:#0E2D5F;font-family:&quot;Microsoft YaHei&quot;;font-weight:700;\">资讯信息</span><span style=\"color:#0E2D5F;font-family:&quot;Microsoft YaHei&quot;;font-weight:700;\">资讯信息</span><span></span><span style=\"color:#0E2D5F;font-family:&quot;Microsoft YaHei&quot;;font-weight:700;\">资讯信息</span><span style=\"color:#0E2D5F;font-family:&quot;Microsoft YaHei&quot;;font-weight:700;\">资讯信息</span><span style=\"color:#0E2D5F;font-family:&quot;Microsoft YaHei&quot;;font-weight:700;\">资讯信息</span><span style=\"color:#0E2D5F;font-family:&quot;Microsoft YaHei&quot;;font-weight:700;\">资讯信息</span><span style=\"color:#0E2D5F;font-family:&quot;Microsoft YaHei&quot;;font-weight:700;\">资讯信息</span><span style=\"color:#0E2D5F;font-family:&quot;Microsoft YaHei&quot;;font-weight:700;\">资讯信息</span><span style=\"color:#0E2D5F;font-family:&quot;Microsoft YaHei&quot;;font-weight:700;\">资讯信息</span><span style=\"color:#0E2D5F;font-family:&quot;Microsoft YaHei&quot;;font-weight:700;\">资讯信息</span><span style=\"color:#0E2D5F;font-family:&quot;Microsoft YaHei&quot;;font-weight:700;\">资讯信息</span><span style=\"color:#0E2D5F;font-family:&quot;Microsoft YaHei&quot;;font-weight:700;\">资讯信息</span><span style=\"color:#0E2D5F;font-family:&quot;Microsoft YaHei&quot;;font-weight:700;\">资讯信息</span><span style=\"color:#0E2D5F;font-family:&quot;Microsoft YaHei&quot;;font-weight:700;\">资讯信息</span><span style=\"color:#0E2D5F;font-family:&quot;Microsoft YaHei&quot;;font-weight:700;\">资讯信息</span><span style=\"color:#0E2D5F;font-family:&quot;Microsoft YaHei&quot;;font-weight:700;\">资讯信息</span><span style=\"color:#0E2D5F;font-family:&quot;Microsoft YaHei&quot;;font-weight:700;\">资讯信息</span><span style=\"color:#0E2D5F;font-family:&quot;Microsoft YaHei&quot;;font-weight:700;\">资讯信息</span><span style=\"color:#0E2D5F;font-family:&quot;Microsoft YaHei&quot;;font-weight:700;\">资讯信息</span><span style=\"color:#0E2D5F;font-family:&quot;Microsoft YaHei&quot;;font-weight:700;\">资讯信息</span><span style=\"color:#0E2D5F;font-family:&quot;Microsoft YaHei&quot;;font-weight:700;\">资讯信息</span><span style=\"color:#0E2D5F;font-family:&quot;Microsoft YaHei&quot;;font-weight:700;\">资讯信息</span><span style=\"color:#0E2D5F;font-family:&quot;Microsoft YaHei&quot;;font-weight:700;\">资讯信息</span><span style=\"color:#0E2D5F;font-family:&quot;Microsoft YaHei&quot;;font-weight:700;\">资讯信息</span><span></span>资讯信息资讯信息资讯信息资讯信息资讯信息资讯信息资讯信息资讯信息资讯信息资讯信息资讯信息资讯信息资讯信息资讯信息资讯信息资讯信息资讯信息资讯信息资讯信息资讯信息资讯信息资讯信息资讯信息资讯信息资讯信息资讯信息资讯信息资讯信息资讯信息资讯信息资讯信息资讯信息资讯信息资讯信息资讯信息资讯信息资讯信息资讯信息资讯信息资讯信息资讯信息资讯信息资讯信息资讯信息资讯信息资讯信息资讯信息资讯信息资讯信息资讯信息资讯信息资讯信息资讯信息资讯信息资讯信息资讯信息资讯信息资讯信息资讯信息资讯信息资讯信息资讯信息资讯信息资讯信息资讯信息资讯信息资讯信息资讯信息资讯信息资讯信息资讯信息资讯信息资讯信息资讯信息资讯信息资讯信息资讯信息资讯信息资讯信息资讯信息资讯信息资讯信息资讯信息资讯信息资讯信息资讯信息资讯信息资讯信息资讯信息资讯信息资讯信息资讯信息资讯信息资讯信息资讯信息资讯信息资讯信息资讯信息资讯信息资讯信息资讯信息资讯信息资讯信息资讯信息资讯信息资讯信息资讯信息资讯信息资讯信息资讯信息</span>', '/file/19.jpg', '19.jpg', '2023-12-15 16:09:07', '2', '类型二');
INSERT INTO `t_gonggao` VALUES ('7', '资讯信息7', '<span style=\"color:#0E2D5F;font-family:&quot;Microsoft YaHei&quot;;font-weight:700;\"><span style=\"color:#0E2D5F;font-family:&quot;Microsoft YaHei&quot;;font-weight:700;\">资讯信息</span><span style=\"color:#0E2D5F;font-family:&quot;Microsoft YaHei&quot;;font-weight:700;\">资讯信息</span><span style=\"color:#0E2D5F;font-family:&quot;Microsoft YaHei&quot;;font-weight:700;\">资讯信息</span><span style=\"color:#0E2D5F;font-family:&quot;Microsoft YaHei&quot;;font-weight:700;\">资讯信息</span><span style=\"color:#0E2D5F;font-family:&quot;Microsoft YaHei&quot;;font-weight:700;\">资讯信息</span><span style=\"color:#0E2D5F;font-family:&quot;Microsoft YaHei&quot;;font-weight:700;\">资讯信息</span><span style=\"color:#0E2D5F;font-family:&quot;Microsoft YaHei&quot;;font-weight:700;\">资讯信息</span><span style=\"color:#0E2D5F;font-family:&quot;Microsoft YaHei&quot;;font-weight:700;\">资讯信息</span><span style=\"color:#0E2D5F;font-family:&quot;Microsoft YaHei&quot;;font-weight:700;\">资讯信息</span><span style=\"color:#0E2D5F;font-family:&quot;Microsoft YaHei&quot;;font-weight:700;\">资讯信息</span><span style=\"color:#0E2D5F;font-family:&quot;Microsoft YaHei&quot;;font-weight:700;\">资讯信息</span><span style=\"color:#0E2D5F;font-family:&quot;Microsoft YaHei&quot;;font-weight:700;\">资讯信息</span><span style=\"color:#0E2D5F;font-family:&quot;Microsoft YaHei&quot;;font-weight:700;\">资讯信息</span><span style=\"color:#0E2D5F;font-family:&quot;Microsoft YaHei&quot;;font-weight:700;\">资讯信息</span><span style=\"color:#0E2D5F;font-family:&quot;Microsoft YaHei&quot;;font-weight:700;\">资讯信息</span><span style=\"color:#0E2D5F;font-family:&quot;Microsoft YaHei&quot;;font-weight:700;\">资讯信息</span><span style=\"color:#0E2D5F;font-family:&quot;Microsoft YaHei&quot;;font-weight:700;\">资讯信息</span><span style=\"color:#0E2D5F;font-family:&quot;Microsoft YaHei&quot;;font-weight:700;\">资讯信息</span><span style=\"color:#0E2D5F;font-family:&quot;Microsoft YaHei&quot;;font-weight:700;\">资讯信息</span><span style=\"color:#0E2D5F;font-family:&quot;Microsoft YaHei&quot;;font-weight:700;\">资讯信息</span><span style=\"color:#0E2D5F;font-family:&quot;Microsoft YaHei&quot;;font-weight:700;\">资讯信息</span><span style=\"color:#0E2D5F;font-family:&quot;Microsoft YaHei&quot;;font-weight:700;\">资讯信息</span><span></span><span style=\"color:#0E2D5F;font-family:&quot;Microsoft YaHei&quot;;font-weight:700;\">资讯信息</span><span style=\"color:#0E2D5F;font-family:&quot;Microsoft YaHei&quot;;font-weight:700;\">资讯信息</span><span style=\"color:#0E2D5F;font-family:&quot;Microsoft YaHei&quot;;font-weight:700;\">资讯信息</span><span style=\"color:#0E2D5F;font-family:&quot;Microsoft YaHei&quot;;font-weight:700;\">资讯信息</span><span style=\"color:#0E2D5F;font-family:&quot;Microsoft YaHei&quot;;font-weight:700;\">资讯信息</span><span style=\"color:#0E2D5F;font-family:&quot;Microsoft YaHei&quot;;font-weight:700;\">资讯信息</span><span style=\"color:#0E2D5F;font-family:&quot;Microsoft YaHei&quot;;font-weight:700;\">资讯信息</span><span style=\"color:#0E2D5F;font-family:&quot;Microsoft YaHei&quot;;font-weight:700;\">资讯信息</span><span style=\"color:#0E2D5F;font-family:&quot;Microsoft YaHei&quot;;font-weight:700;\">资讯信息</span><span style=\"color:#0E2D5F;font-family:&quot;Microsoft YaHei&quot;;font-weight:700;\">资讯信息</span><span style=\"color:#0E2D5F;font-family:&quot;Microsoft YaHei&quot;;font-weight:700;\">资讯信息</span><span style=\"color:#0E2D5F;font-family:&quot;Microsoft YaHei&quot;;font-weight:700;\">资讯信息</span><span style=\"color:#0E2D5F;font-family:&quot;Microsoft YaHei&quot;;font-weight:700;\">资讯信息</span><span style=\"color:#0E2D5F;font-family:&quot;Microsoft YaHei&quot;;font-weight:700;\">资讯信息</span><span style=\"color:#0E2D5F;font-family:&quot;Microsoft YaHei&quot;;font-weight:700;\">资讯信息</span><span style=\"color:#0E2D5F;font-family:&quot;Microsoft YaHei&quot;;font-weight:700;\">资讯信息</span><span style=\"color:#0E2D5F;font-family:&quot;Microsoft YaHei&quot;;font-weight:700;\">资讯信息</span><span style=\"color:#0E2D5F;font-family:&quot;Microsoft YaHei&quot;;font-weight:700;\">资讯信息</span><span style=\"color:#0E2D5F;font-family:&quot;Microsoft YaHei&quot;;font-weight:700;\">资讯信息</span><span style=\"color:#0E2D5F;font-family:&quot;Microsoft YaHei&quot;;font-weight:700;\">资讯信息</span><span style=\"color:#0E2D5F;font-family:&quot;Microsoft YaHei&quot;;font-weight:700;\">资讯信息</span><span style=\"color:#0E2D5F;font-family:&quot;Microsoft YaHei&quot;;font-weight:700;\">资讯信息</span><span></span><span style=\"color:#0E2D5F;font-family:&quot;Microsoft YaHei&quot;;font-weight:700;\">资讯信息</span><span style=\"color:#0E2D5F;font-family:&quot;Microsoft YaHei&quot;;font-weight:700;\">资讯信息</span><span style=\"color:#0E2D5F;font-family:&quot;Microsoft YaHei&quot;;font-weight:700;\">资讯信息</span><span style=\"color:#0E2D5F;font-family:&quot;Microsoft YaHei&quot;;font-weight:700;\">资讯信息</span><span style=\"color:#0E2D5F;font-family:&quot;Microsoft YaHei&quot;;font-weight:700;\">资讯信息</span><span style=\"color:#0E2D5F;font-family:&quot;Microsoft YaHei&quot;;font-weight:700;\">资讯信息</span><span style=\"color:#0E2D5F;font-family:&quot;Microsoft YaHei&quot;;font-weight:700;\">资讯信息</span><span style=\"color:#0E2D5F;font-family:&quot;Microsoft YaHei&quot;;font-weight:700;\">资讯信息</span><span style=\"color:#0E2D5F;font-family:&quot;Microsoft YaHei&quot;;font-weight:700;\">资讯信息</span><span style=\"color:#0E2D5F;font-family:&quot;Microsoft YaHei&quot;;font-weight:700;\">资讯信息</span><span style=\"color:#0E2D5F;font-family:&quot;Microsoft YaHei&quot;;font-weight:700;\">资讯信息</span><span style=\"color:#0E2D5F;font-family:&quot;Microsoft YaHei&quot;;font-weight:700;\">资讯信息</span><span style=\"color:#0E2D5F;font-family:&quot;Microsoft YaHei&quot;;font-weight:700;\">资讯信息</span><span style=\"color:#0E2D5F;font-family:&quot;Microsoft YaHei&quot;;font-weight:700;\">资讯信息</span><span style=\"color:#0E2D5F;font-family:&quot;Microsoft YaHei&quot;;font-weight:700;\">资讯信息</span><span style=\"color:#0E2D5F;font-family:&quot;Microsoft YaHei&quot;;font-weight:700;\">资讯信息</span><span style=\"color:#0E2D5F;font-family:&quot;Microsoft YaHei&quot;;font-weight:700;\">资讯信息</span><span style=\"color:#0E2D5F;font-family:&quot;Microsoft YaHei&quot;;font-weight:700;\">资讯信息</span><span style=\"color:#0E2D5F;font-family:&quot;Microsoft YaHei&quot;;font-weight:700;\">资讯信息</span><span style=\"color:#0E2D5F;font-family:&quot;Microsoft YaHei&quot;;font-weight:700;\">资讯信息</span><span style=\"color:#0E2D5F;font-family:&quot;Microsoft YaHei&quot;;font-weight:700;\">资讯信息</span><span style=\"color:#0E2D5F;font-family:&quot;Microsoft YaHei&quot;;font-weight:700;\">资讯信息</span><span></span><span style=\"color:#0E2D5F;font-family:&quot;Microsoft YaHei&quot;;font-weight:700;\">资讯信息</span><span style=\"color:#0E2D5F;font-family:&quot;Microsoft YaHei&quot;;font-weight:700;\">资讯信息</span><span style=\"color:#0E2D5F;font-family:&quot;Microsoft YaHei&quot;;font-weight:700;\">资讯信息</span><span style=\"color:#0E2D5F;font-family:&quot;Microsoft YaHei&quot;;font-weight:700;\">资讯信息</span><span style=\"color:#0E2D5F;font-family:&quot;Microsoft YaHei&quot;;font-weight:700;\">资讯信息</span><span style=\"color:#0E2D5F;font-family:&quot;Microsoft YaHei&quot;;font-weight:700;\">资讯信息</span><span style=\"color:#0E2D5F;font-family:&quot;Microsoft YaHei&quot;;font-weight:700;\">资讯信息</span><span style=\"color:#0E2D5F;font-family:&quot;Microsoft YaHei&quot;;font-weight:700;\">资讯信息</span><span style=\"color:#0E2D5F;font-family:&quot;Microsoft YaHei&quot;;font-weight:700;\">资讯信息</span><span style=\"color:#0E2D5F;font-family:&quot;Microsoft YaHei&quot;;font-weight:700;\">资讯信息</span><span style=\"color:#0E2D5F;font-family:&quot;Microsoft YaHei&quot;;font-weight:700;\">资讯信息</span><span style=\"color:#0E2D5F;font-family:&quot;Microsoft YaHei&quot;;font-weight:700;\">资讯信息</span><span style=\"color:#0E2D5F;font-family:&quot;Microsoft YaHei&quot;;font-weight:700;\">资讯信息</span><span style=\"color:#0E2D5F;font-family:&quot;Microsoft YaHei&quot;;font-weight:700;\">资讯信息</span><span style=\"color:#0E2D5F;font-family:&quot;Microsoft YaHei&quot;;font-weight:700;\">资讯信息</span><span style=\"color:#0E2D5F;font-family:&quot;Microsoft YaHei&quot;;font-weight:700;\">资讯信息</span><span style=\"color:#0E2D5F;font-family:&quot;Microsoft YaHei&quot;;font-weight:700;\">资讯信息</span><span style=\"color:#0E2D5F;font-family:&quot;Microsoft YaHei&quot;;font-weight:700;\">资讯信息</span><span style=\"color:#0E2D5F;font-family:&quot;Microsoft YaHei&quot;;font-weight:700;\">资讯信息</span><span style=\"color:#0E2D5F;font-family:&quot;Microsoft YaHei&quot;;font-weight:700;\">资讯信息</span><span style=\"color:#0E2D5F;font-family:&quot;Microsoft YaHei&quot;;font-weight:700;\">资讯信息</span><span style=\"color:#0E2D5F;font-family:&quot;Microsoft YaHei&quot;;font-weight:700;\">资讯信息</span><span></span><span style=\"color:#0E2D5F;font-family:&quot;Microsoft YaHei&quot;;font-weight:700;\">资讯信息</span><span style=\"color:#0E2D5F;font-family:&quot;Microsoft YaHei&quot;;font-weight:700;\">资讯信息</span><span style=\"color:#0E2D5F;font-family:&quot;Microsoft YaHei&quot;;font-weight:700;\">资讯信息</span><span style=\"color:#0E2D5F;font-family:&quot;Microsoft YaHei&quot;;font-weight:700;\">资讯信息</span><span style=\"color:#0E2D5F;font-family:&quot;Microsoft YaHei&quot;;font-weight:700;\">资讯信息</span><span style=\"color:#0E2D5F;font-family:&quot;Microsoft YaHei&quot;;font-weight:700;\">资讯信息</span><span style=\"color:#0E2D5F;font-family:&quot;Microsoft YaHei&quot;;font-weight:700;\">资讯信息</span><span style=\"color:#0E2D5F;font-family:&quot;Microsoft YaHei&quot;;font-weight:700;\">资讯信息</span><span style=\"color:#0E2D5F;font-family:&quot;Microsoft YaHei&quot;;font-weight:700;\">资讯信息</span><span style=\"color:#0E2D5F;font-family:&quot;Microsoft YaHei&quot;;font-weight:700;\">资讯信息</span><span style=\"color:#0E2D5F;font-family:&quot;Microsoft YaHei&quot;;font-weight:700;\">资讯信息</span><span style=\"color:#0E2D5F;font-family:&quot;Microsoft YaHei&quot;;font-weight:700;\">资讯信息</span><span style=\"color:#0E2D5F;font-family:&quot;Microsoft YaHei&quot;;font-weight:700;\">资讯信息</span><span style=\"color:#0E2D5F;font-family:&quot;Microsoft YaHei&quot;;font-weight:700;\">资讯信息</span><span style=\"color:#0E2D5F;font-family:&quot;Microsoft YaHei&quot;;font-weight:700;\">资讯信息</span><span style=\"color:#0E2D5F;font-family:&quot;Microsoft YaHei&quot;;font-weight:700;\">资讯信息</span><span style=\"color:#0E2D5F;font-family:&quot;Microsoft YaHei&quot;;font-weight:700;\">资讯信息</span><span style=\"color:#0E2D5F;font-family:&quot;Microsoft YaHei&quot;;font-weight:700;\">资讯信息</span><span style=\"color:#0E2D5F;font-family:&quot;Microsoft YaHei&quot;;font-weight:700;\">资讯信息</span><span style=\"color:#0E2D5F;font-family:&quot;Microsoft YaHei&quot;;font-weight:700;\">资讯信息</span><span style=\"color:#0E2D5F;font-family:&quot;Microsoft YaHei&quot;;font-weight:700;\">资讯信息</span><span style=\"color:#0E2D5F;font-family:&quot;Microsoft YaHei&quot;;font-weight:700;\">资讯信息</span><span></span><span style=\"color:#0E2D5F;font-family:&quot;Microsoft YaHei&quot;;font-weight:700;\">资讯信息</span><span style=\"color:#0E2D5F;font-family:&quot;Microsoft YaHei&quot;;font-weight:700;\">资讯信息</span><span style=\"color:#0E2D5F;font-family:&quot;Microsoft YaHei&quot;;font-weight:700;\">资讯信息</span><span style=\"color:#0E2D5F;font-family:&quot;Microsoft YaHei&quot;;font-weight:700;\">资讯信息</span><span style=\"color:#0E2D5F;font-family:&quot;Microsoft YaHei&quot;;font-weight:700;\">资讯信息</span><span style=\"color:#0E2D5F;font-family:&quot;Microsoft YaHei&quot;;font-weight:700;\">资讯信息</span><span style=\"color:#0E2D5F;font-family:&quot;Microsoft YaHei&quot;;font-weight:700;\">资讯信息</span><span style=\"color:#0E2D5F;font-family:&quot;Microsoft YaHei&quot;;font-weight:700;\">资讯信息</span><span style=\"color:#0E2D5F;font-family:&quot;Microsoft YaHei&quot;;font-weight:700;\">资讯信息</span><span style=\"color:#0E2D5F;font-family:&quot;Microsoft YaHei&quot;;font-weight:700;\">资讯信息</span><span style=\"color:#0E2D5F;font-family:&quot;Microsoft YaHei&quot;;font-weight:700;\">资讯信息</span><span style=\"color:#0E2D5F;font-family:&quot;Microsoft YaHei&quot;;font-weight:700;\">资讯信息</span><span style=\"color:#0E2D5F;font-family:&quot;Microsoft YaHei&quot;;font-weight:700;\">资讯信息</span><span style=\"color:#0E2D5F;font-family:&quot;Microsoft YaHei&quot;;font-weight:700;\">资讯信息</span><span style=\"color:#0E2D5F;font-family:&quot;Microsoft YaHei&quot;;font-weight:700;\">资讯信息</span><span style=\"color:#0E2D5F;font-family:&quot;Microsoft YaHei&quot;;font-weight:700;\">资讯信息</span><span style=\"color:#0E2D5F;font-family:&quot;Microsoft YaHei&quot;;font-weight:700;\">资讯信息</span><span style=\"color:#0E2D5F;font-family:&quot;Microsoft YaHei&quot;;font-weight:700;\">资讯信息</span><span style=\"color:#0E2D5F;font-family:&quot;Microsoft YaHei&quot;;font-weight:700;\">资讯信息</span><span style=\"color:#0E2D5F;font-family:&quot;Microsoft YaHei&quot;;font-weight:700;\">资讯信息</span><span style=\"color:#0E2D5F;font-family:&quot;Microsoft YaHei&quot;;font-weight:700;\">资讯信息</span><span style=\"color:#0E2D5F;font-family:&quot;Microsoft YaHei&quot;;font-weight:700;\">资讯信息</span><span></span><span style=\"color:#0E2D5F;font-family:&quot;Microsoft YaHei&quot;;font-weight:700;\">资讯信息</span><span style=\"color:#0E2D5F;font-family:&quot;Microsoft YaHei&quot;;font-weight:700;\">资讯信息</span><span style=\"color:#0E2D5F;font-family:&quot;Microsoft YaHei&quot;;font-weight:700;\">资讯信息</span><span style=\"color:#0E2D5F;font-family:&quot;Microsoft YaHei&quot;;font-weight:700;\">资讯信息</span><span style=\"color:#0E2D5F;font-family:&quot;Microsoft YaHei&quot;;font-weight:700;\">资讯信息</span><span style=\"color:#0E2D5F;font-family:&quot;Microsoft YaHei&quot;;font-weight:700;\">资讯信息</span><span style=\"color:#0E2D5F;font-family:&quot;Microsoft YaHei&quot;;font-weight:700;\">资讯信息</span><span style=\"color:#0E2D5F;font-family:&quot;Microsoft YaHei&quot;;font-weight:700;\">资讯信息</span><span style=\"color:#0E2D5F;font-family:&quot;Microsoft YaHei&quot;;font-weight:700;\">资讯信息</span><span style=\"color:#0E2D5F;font-family:&quot;Microsoft YaHei&quot;;font-weight:700;\">资讯信息</span><span style=\"color:#0E2D5F;font-family:&quot;Microsoft YaHei&quot;;font-weight:700;\">资讯信息</span><span style=\"color:#0E2D5F;font-family:&quot;Microsoft YaHei&quot;;font-weight:700;\">资讯信息</span><span style=\"color:#0E2D5F;font-family:&quot;Microsoft YaHei&quot;;font-weight:700;\">资讯信息</span><span style=\"color:#0E2D5F;font-family:&quot;Microsoft YaHei&quot;;font-weight:700;\">资讯信息</span><span style=\"color:#0E2D5F;font-family:&quot;Microsoft YaHei&quot;;font-weight:700;\">资讯信息</span><span style=\"color:#0E2D5F;font-family:&quot;Microsoft YaHei&quot;;font-weight:700;\">资讯信息</span><span style=\"color:#0E2D5F;font-family:&quot;Microsoft YaHei&quot;;font-weight:700;\">资讯信息</span><span style=\"color:#0E2D5F;font-family:&quot;Microsoft YaHei&quot;;font-weight:700;\">资讯信息</span><span style=\"color:#0E2D5F;font-family:&quot;Microsoft YaHei&quot;;font-weight:700;\">资讯信息</span><span style=\"color:#0E2D5F;font-family:&quot;Microsoft YaHei&quot;;font-weight:700;\">资讯信息</span><span style=\"color:#0E2D5F;font-family:&quot;Microsoft YaHei&quot;;font-weight:700;\">资讯信息</span><span style=\"color:#0E2D5F;font-family:&quot;Microsoft YaHei&quot;;font-weight:700;\">资讯信息</span><span></span><span style=\"color:#0E2D5F;font-family:&quot;Microsoft YaHei&quot;;font-weight:700;\">资讯信息</span><span style=\"color:#0E2D5F;font-family:&quot;Microsoft YaHei&quot;;font-weight:700;\">资讯信息</span><span style=\"color:#0E2D5F;font-family:&quot;Microsoft YaHei&quot;;font-weight:700;\">资讯信息</span><span style=\"color:#0E2D5F;font-family:&quot;Microsoft YaHei&quot;;font-weight:700;\">资讯信息</span><span style=\"color:#0E2D5F;font-family:&quot;Microsoft YaHei&quot;;font-weight:700;\">资讯信息</span><span style=\"color:#0E2D5F;font-family:&quot;Microsoft YaHei&quot;;font-weight:700;\">资讯信息</span><span style=\"color:#0E2D5F;font-family:&quot;Microsoft YaHei&quot;;font-weight:700;\">资讯信息</span><span style=\"color:#0E2D5F;font-family:&quot;Microsoft YaHei&quot;;font-weight:700;\">资讯信息</span><span style=\"color:#0E2D5F;font-family:&quot;Microsoft YaHei&quot;;font-weight:700;\">资讯信息</span><span style=\"color:#0E2D5F;font-family:&quot;Microsoft YaHei&quot;;font-weight:700;\">资讯信息</span><span style=\"color:#0E2D5F;font-family:&quot;Microsoft YaHei&quot;;font-weight:700;\">资讯信息</span><span style=\"color:#0E2D5F;font-family:&quot;Microsoft YaHei&quot;;font-weight:700;\">资讯信息</span><span style=\"color:#0E2D5F;font-family:&quot;Microsoft YaHei&quot;;font-weight:700;\">资讯信息</span><span style=\"color:#0E2D5F;font-family:&quot;Microsoft YaHei&quot;;font-weight:700;\">资讯信息</span><span style=\"color:#0E2D5F;font-family:&quot;Microsoft YaHei&quot;;font-weight:700;\">资讯信息</span><span style=\"color:#0E2D5F;font-family:&quot;Microsoft YaHei&quot;;font-weight:700;\">资讯信息</span><span style=\"color:#0E2D5F;font-family:&quot;Microsoft YaHei&quot;;font-weight:700;\">资讯信息</span><span style=\"color:#0E2D5F;font-family:&quot;Microsoft YaHei&quot;;font-weight:700;\">资讯信息</span><span style=\"color:#0E2D5F;font-family:&quot;Microsoft YaHei&quot;;font-weight:700;\">资讯信息</span><span style=\"color:#0E2D5F;font-family:&quot;Microsoft YaHei&quot;;font-weight:700;\">资讯信息</span><span style=\"color:#0E2D5F;font-family:&quot;Microsoft YaHei&quot;;font-weight:700;\">资讯信息</span><span style=\"color:#0E2D5F;font-family:&quot;Microsoft YaHei&quot;;font-weight:700;\">资讯信息</span><span></span><span style=\"color:#0E2D5F;font-family:&quot;Microsoft YaHei&quot;;font-weight:700;\">资讯信息</span><span style=\"color:#0E2D5F;font-family:&quot;Microsoft YaHei&quot;;font-weight:700;\">资讯信息</span><span style=\"color:#0E2D5F;font-family:&quot;Microsoft YaHei&quot;;font-weight:700;\">资讯信息</span><span style=\"color:#0E2D5F;font-family:&quot;Microsoft YaHei&quot;;font-weight:700;\">资讯信息</span><span style=\"color:#0E2D5F;font-family:&quot;Microsoft YaHei&quot;;font-weight:700;\">资讯信息</span><span style=\"color:#0E2D5F;font-family:&quot;Microsoft YaHei&quot;;font-weight:700;\">资讯信息</span><span style=\"color:#0E2D5F;font-family:&quot;Microsoft YaHei&quot;;font-weight:700;\">资讯信息</span><span style=\"color:#0E2D5F;font-family:&quot;Microsoft YaHei&quot;;font-weight:700;\">资讯信息</span><span style=\"color:#0E2D5F;font-family:&quot;Microsoft YaHei&quot;;font-weight:700;\">资讯信息</span><span style=\"color:#0E2D5F;font-family:&quot;Microsoft YaHei&quot;;font-weight:700;\">资讯信息</span><span style=\"color:#0E2D5F;font-family:&quot;Microsoft YaHei&quot;;font-weight:700;\">资讯信息</span><span style=\"color:#0E2D5F;font-family:&quot;Microsoft YaHei&quot;;font-weight:700;\">资讯信息</span><span style=\"color:#0E2D5F;font-family:&quot;Microsoft YaHei&quot;;font-weight:700;\">资讯信息</span><span style=\"color:#0E2D5F;font-family:&quot;Microsoft YaHei&quot;;font-weight:700;\">资讯信息</span><span style=\"color:#0E2D5F;font-family:&quot;Microsoft YaHei&quot;;font-weight:700;\">资讯信息</span><span style=\"color:#0E2D5F;font-family:&quot;Microsoft YaHei&quot;;font-weight:700;\">资讯信息</span><span style=\"color:#0E2D5F;font-family:&quot;Microsoft YaHei&quot;;font-weight:700;\">资讯信息</span><span style=\"color:#0E2D5F;font-family:&quot;Microsoft YaHei&quot;;font-weight:700;\">资讯信息</span><span style=\"color:#0E2D5F;font-family:&quot;Microsoft YaHei&quot;;font-weight:700;\">资讯信息</span><span style=\"color:#0E2D5F;font-family:&quot;Microsoft YaHei&quot;;font-weight:700;\">资讯信息</span><span style=\"color:#0E2D5F;font-family:&quot;Microsoft YaHei&quot;;font-weight:700;\">资讯信息</span><span style=\"color:#0E2D5F;font-family:&quot;Microsoft YaHei&quot;;font-weight:700;\">资讯信息</span><span></span>资讯信息资讯信息资讯信息资讯信息资讯信息资讯信息资讯信息资讯信息资讯信息资讯信息资讯信息资讯信息资讯信息资讯信息资讯信息资讯信息资讯信息资讯信息资讯信息资讯信息资讯信息资讯信息资讯信息资讯信息资讯信息资讯信息资讯信息资讯信息资讯信息资讯信息资讯信息资讯信息资讯信息资讯信息资讯信息资讯信息资讯信息资讯信息资讯信息资讯信息资讯信息资讯信息资讯信息资讯信息资讯信息资讯信息资讯信息资讯信息资讯信息资讯信息资讯信息资讯信息资讯信息资讯信息资讯信息资讯信息资讯信息资讯信息资讯信息资讯信息资讯信息资讯信息资讯信息资讯信息资讯信息资讯信息资讯信息资讯信息资讯信息资讯信息资讯信息资讯信息资讯信息资讯信息资讯信息资讯信息资讯信息资讯信息资讯信息资讯信息资讯信息资讯信息资讯信息资讯信息资讯信息资讯信息资讯信息资讯信息资讯信息资讯信息资讯信息资讯信息资讯信息资讯信息资讯信息资讯信息资讯信息资讯信息资讯信息资讯信息资讯信息资讯信息资讯信息资讯信息资讯信息资讯信息资讯信息资讯信息资讯信息资讯信息</span>', '/file/20.jpg', '20.jpg', '2023-12-15 16:09:07', '3', '类型三');

-- ----------------------------
-- Table structure for `t_jcbiaoti`
-- ----------------------------
DROP TABLE IF EXISTS `t_jcbiaoti`;
CREATE TABLE `t_jcbiaoti` (
  `jcbiaotiId` int(11) NOT NULL auto_increment,
  `jcbiaotiName` varchar(255) default NULL COMMENT '汉字',
  `jcbiaotiNeirong` varchar(255) default NULL COMMENT 'url',
  `jcbiaotiMark` varchar(255) default NULL,
  `jcbiaotiMark1` varchar(255) default NULL,
  `jcbiaotiMark2` varchar(255) default NULL,
  `jcbiaotiPaixu` int(11) default NULL,
  `jcbiaotiType` int(11) default NULL COMMENT '0网页导航1admin导航2user导航3yonghu导航4juese导航',
  `jcbiaotiType1` int(11) default NULL,
  `jcbiaotiType2` int(11) default NULL,
  PRIMARY KEY  (`jcbiaotiId`)
) ENGINE=InnoDB AUTO_INCREMENT=15 DEFAULT CHARSET=utf8;

-- ----------------------------
-- Records of t_jcbiaoti
-- ----------------------------
INSERT INTO `t_jcbiaoti` VALUES ('1', '网站信息', null, null, null, null, '1', '1', '0', null);
INSERT INTO `t_jcbiaoti` VALUES ('2', '资讯信息', null, null, null, null, '2', '1', '0', null);
INSERT INTO `t_jcbiaoti` VALUES ('3', '彩妆化妆品', null, null, null, null, '3', '1', '0', null);
INSERT INTO `t_jcbiaoti` VALUES ('5', '用户信息', null, null, null, null, '5', '1', '0', null);
INSERT INTO `t_jcbiaoti` VALUES ('6', '销售订单', null, null, null, null, '6', '1', '0', null);
INSERT INTO `t_jcbiaoti` VALUES ('8', '统计信息', null, null, null, null, '8', '1', '0', null);
INSERT INTO `t_jcbiaoti` VALUES ('9', '个人中心', null, null, null, null, '1', '2', '0', null);
INSERT INTO `t_jcbiaoti` VALUES ('10', '购物车', null, null, null, null, '2', '2', '0', null);
INSERT INTO `t_jcbiaoti` VALUES ('11', '购买订单', null, null, null, null, '3', '2', '0', null);
INSERT INTO `t_jcbiaoti` VALUES ('12', '交流分享', null, null, null, null, '7', '1', '0', null);
INSERT INTO `t_jcbiaoti` VALUES ('13', '交流分享', null, null, null, null, '5', '2', '0', null);

-- ----------------------------
-- Table structure for `t_jcdaohang`
-- ----------------------------
DROP TABLE IF EXISTS `t_jcdaohang`;
CREATE TABLE `t_jcdaohang` (
  `jcdaohangId` int(11) NOT NULL auto_increment,
  `jcdaohangName` varchar(255) default NULL COMMENT '汉字',
  `jcdaohangNeirong` varchar(255) default NULL COMMENT 'url',
  `jcdaohangMark` varchar(255) default NULL,
  `jcdaohangMark1` varchar(255) default NULL,
  `jcdaohangMark2` varchar(255) default NULL,
  `jcdaohangPaixu` int(11) default NULL,
  `jcdaohangType` int(11) default NULL COMMENT '0网页导航1admin导航2user导航3yonghu导航4juese导航',
  `jcdaohangType1` int(11) default NULL,
  `jcdaohangType2` int(11) default NULL,
  `jcbiaotiId` int(11) default NULL,
  `jcbiaotiName` varchar(255) default NULL,
  PRIMARY KEY  (`jcdaohangId`)
) ENGINE=InnoDB AUTO_INCREMENT=41 DEFAULT CHARSET=utf8;

-- ----------------------------
-- Records of t_jcdaohang
-- ----------------------------
INSERT INTO `t_jcdaohang` VALUES ('1', '关于我们', 'sjxiaoxi1.jsp', null, null, null, '1', '1', '0', null, '1', null);
INSERT INTO `t_jcdaohang` VALUES ('2', '联系我们', 'sjxiaoxi2.jsp', null, null, null, '2', '1', '0', null, '1', null);
INSERT INTO `t_jcdaohang` VALUES ('3', '外链信息', 'sjlianjie.jsp', null, null, null, '3', '1', '0', null, '1', null);
INSERT INTO `t_jcdaohang` VALUES ('4', '资讯类型', 'ggtype.jsp', null, null, null, '1', '1', '0', null, '2', null);
INSERT INTO `t_jcdaohang` VALUES ('5', '资讯信息', 'gonggao.jsp', null, null, null, '2', '1', '0', null, '2', null);
INSERT INTO `t_jcdaohang` VALUES ('6', '化妆品标签', 'buyuan.jsp', null, null, null, '1', '1', '0', null, '3', null);
INSERT INTO `t_jcdaohang` VALUES ('7', '化妆品类型', 'sjleixing.jsp', null, null, null, '2', '1', '0', null, '3', null);
INSERT INTO `t_jcdaohang` VALUES ('8', '彩妆化妆品', 'shuju.jsp', null, null, null, '3', '1', '0', null, '3', null);
INSERT INTO `t_jcdaohang` VALUES ('12', '用户信息', 'user.jsp', null, null, null, '1', '1', '0', null, '5', null);
INSERT INTO `t_jcdaohang` VALUES ('13', '用户充值', 'uxinxi.jsp', null, null, null, '2', '1', '0', null, '5', null);
INSERT INTO `t_jcdaohang` VALUES ('14', '用户反馈', 'uyijian.jsp', null, null, null, '3', '1', '0', null, '5', null);
INSERT INTO `t_jcdaohang` VALUES ('16', '购买信息', 'sjshaochu1.jsp', null, null, null, '2', '1', '0', null, '6', null);
INSERT INTO `t_jcdaohang` VALUES ('17', '邮寄信息', 'sjshaochu2.jsp', null, null, null, '3', '1', '0', null, '6', null);
INSERT INTO `t_jcdaohang` VALUES ('18', '收货信息', 'sjshaochu3.jsp', null, null, null, '4', '1', '0', null, '6', null);
INSERT INTO `t_jcdaohang` VALUES ('19', '评论信息', 'sjpinglun.jsp', null, null, null, '5', '1', '0', null, '6', null);
INSERT INTO `t_jcdaohang` VALUES ('23', '充值信息', 'uxinxi.jsp', null, null, null, '1', '2', '0', null, '9', null);
INSERT INTO `t_jcdaohang` VALUES ('24', '反馈信息', 'uyijian.jsp', null, null, null, '2', '2', '0', null, '9', null);
INSERT INTO `t_jcdaohang` VALUES ('25', '购物车', 'sjshaochu0.jsp', null, null, null, '1', '2', '0', null, '10', null);
INSERT INTO `t_jcdaohang` VALUES ('26', '购买信息', 'sjshaochu1.jsp', null, null, null, '2', '2', '0', null, '11', null);
INSERT INTO `t_jcdaohang` VALUES ('27', '邮寄信息', 'sjshaochu2.jsp', null, null, null, '3', '2', '0', null, '11', null);
INSERT INTO `t_jcdaohang` VALUES ('28', '收货信息', 'sjshaochu3.jsp', null, null, null, '4', '2', '0', null, '11', null);
INSERT INTO `t_jcdaohang` VALUES ('29', '评论信息', 'sjpinglun.jsp', null, null, null, '5', '2', '0', null, '11', null);
INSERT INTO `t_jcdaohang` VALUES ('30', '收藏化妆品', 'bumen.jsp', null, null, null, '3', '2', '0', null, '9', null);
INSERT INTO `t_jcdaohang` VALUES ('32', '分类库存', 'bingzhuangtu.jsp?tijiaoUrl=shujuTongji', null, null, null, '1', '1', '0', null, '8', null);
INSERT INTO `t_jcdaohang` VALUES ('33', '销售统计', 'zhuzhuangtu.jsp?tijiaoUrl=sjshaochuTongji', null, null, null, '2', '1', '0', null, '8', null);
INSERT INTO `t_jcdaohang` VALUES ('35', '类型信息', 'sjxingtai.jsp', null, null, null, '1', '1', '0', null, '12', null);
INSERT INTO `t_jcdaohang` VALUES ('36', '交流分享', 'sjduochu.jsp', null, null, null, '2', '1', '0', null, '12', null);
INSERT INTO `t_jcdaohang` VALUES ('37', '回复信息', 'sjqita.jsp', null, null, null, '3', '1', '0', null, '12', null);
INSERT INTO `t_jcdaohang` VALUES ('38', '交流分享', 'sjduochu.jsp', null, null, null, '1', '2', '0', null, '13', null);
INSERT INTO `t_jcdaohang` VALUES ('39', '回复信息', 'sjqita.jsp', null, null, null, '2', '2', '0', null, '13', null);

-- ----------------------------
-- Table structure for `t_jcpeizhi`
-- ----------------------------
DROP TABLE IF EXISTS `t_jcpeizhi`;
CREATE TABLE `t_jcpeizhi` (
  `jcpeizhiId` int(11) NOT NULL auto_increment,
  `jcpeizhiName` varchar(255) default NULL,
  `jcpeizhiNeirong` varchar(255) default NULL,
  `jcpeizhiMark` varchar(255) default NULL,
  `bumenBieming` varchar(255) default NULL,
  `buyuanBieming` varchar(255) default NULL,
  `buzhiBieming` varchar(255) default NULL,
  `userBieming` varchar(255) default NULL COMMENT 'userBieming',
  `uxtypeBieming` varchar(255) default NULL,
  `uxinxiBieming` varchar(255) default NULL,
  `uyijianBieming` varchar(255) default NULL,
  `roleBieming` varchar(255) default NULL,
  `byumenBieming` varchar(255) default NULL,
  `byuyuanBieming` varchar(255) default NULL,
  `byuzhiBieming` varchar(255) default NULL,
  `yonghuBieming` varchar(255) default NULL COMMENT 'yonghuBieming',
  `yxtypeBieming` varchar(255) default NULL,
  `yxinxiBieming` varchar(255) default NULL,
  `yyijianBieming` varchar(255) default NULL,
  `yhroleBieming` varchar(255) default NULL,
  `ggtypeBieming` varchar(255) default NULL,
  `gonggaoBieming` varchar(255) default NULL,
  `ggpinglunBieming` varchar(255) default NULL,
  `shujuBieming` varchar(255) default NULL,
  `sjduochuBieming` varchar(255) default NULL,
  `sjjianchuBieming` varchar(255) default NULL,
  `sjlaiyuanBieming` varchar(255) default NULL,
  `sjleixingBieming` varchar(255) default NULL,
  `sjpinglunBieming` varchar(255) default NULL,
  `sjqitaBieming` varchar(255) default NULL,
  `sjshaochuBieming` varchar(255) default NULL,
  `sjxingtaiBieming` varchar(255) default NULL,
  `jcpeizhiType` int(11) default NULL,
  `jcpeizhiType1` int(11) default NULL,
  `jcpeizhiType2` int(11) default NULL,
  PRIMARY KEY  (`jcpeizhiId`)
) ENGINE=InnoDB AUTO_INCREMENT=2 DEFAULT CHARSET=utf8;

-- ----------------------------
-- Records of t_jcpeizhi
-- ----------------------------
INSERT INTO `t_jcpeizhi` VALUES ('1', '彩妆化妆品', 'z0caizhuangs', 'z0caizhuangs', '点赞', '标签', null, '用户', null, '充值', '反馈', null, null, null, null, '客户', null, null, null, null, '类型', '资讯', null, '化妆品', '分享', '预约', '服务', '类型', '评论', '回复', '购买', '类型', null, null, null);

-- ----------------------------
-- Table structure for `t_rizhi`
-- ----------------------------
DROP TABLE IF EXISTS `t_rizhi`;
CREATE TABLE `t_rizhi` (
  `rizhiId` int(11) NOT NULL auto_increment,
  `rizhiName` varchar(255) NOT NULL,
  `dengluIp` varchar(255) NOT NULL,
  `date` datetime NOT NULL,
  PRIMARY KEY  (`rizhiId`)
) ENGINE=InnoDB DEFAULT CHARSET=utf8;

-- ----------------------------
-- Records of t_rizhi
-- ----------------------------

-- ----------------------------
-- Table structure for `t_shuju`
-- ----------------------------
DROP TABLE IF EXISTS `t_shuju`;
CREATE TABLE `t_shuju` (
  `shujuId` int(11) NOT NULL auto_increment,
  `shujuName` varchar(255) default NULL,
  `shujuMark` text,
  `shujuMark1` varchar(2550) default NULL,
  `shujuMark2` varchar(2550) default NULL,
  `shujuMark3` varchar(2550) default NULL,
  `shujuDate` datetime default NULL,
  `shujuDate1` datetime default NULL,
  `shujuZong` int(11) default NULL,
  `shujuZong1` int(11) default NULL,
  `shujuZong2` int(11) default NULL,
  `shujuDouble` double default NULL,
  `shujuDouble1` double default NULL,
  `shujuDouble2` double default NULL,
  `shujuDouble3` double default NULL,
  `shujuDouble4` double default NULL,
  `shujuType` int(11) default NULL,
  `shujuType1` int(11) default NULL,
  `shujuType2` int(11) default NULL,
  `shujuImg` varchar(255) default NULL,
  `shujuImgName` varchar(255) default NULL,
  `sjleixingId` int(11) default NULL,
  `sjleixingName` varchar(255) default NULL,
  `sjxingtaiId` int(11) default NULL,
  `sjxingtaiName` varchar(255) default NULL,
  `userId` int(11) default NULL,
  `userName` varchar(255) default NULL,
  `bumenId` int(11) default NULL,
  `bumenName` varchar(255) default NULL,
  `buyuanId` int(11) default NULL,
  `buyuanName` varchar(255) default NULL,
  `yonghuId` int(11) default NULL,
  `yonghuName` varchar(255) default NULL,
  `byumenId` int(11) default NULL,
  `byumenName` varchar(255) default NULL,
  `byuyuanId` int(11) default NULL,
  `byuyuanName` varchar(255) default NULL,
  `buzhiId` int(11) default NULL,
  `buzhiName` varchar(255) default NULL,
  `roleId` int(11) default NULL,
  `roleName` varchar(255) default NULL,
  `byuzhiId` int(11) default NULL,
  `byuzhiName` varchar(255) default NULL,
  `yhroleId` int(11) default NULL,
  `yhroleName` varchar(255) default NULL,
  PRIMARY KEY  (`shujuId`)
) ENGINE=InnoDB AUTO_INCREMENT=13 DEFAULT CHARSET=utf8;

-- ----------------------------
-- Records of t_shuju
-- ----------------------------
INSERT INTO `t_shuju` VALUES ('1', '彩妆化妆品1', '<p style=\"text-indent:2em;\">\r\n	彩妆化妆品1彩妆化妆品1彩妆化妆品1彩妆化妆品1彩妆化妆品1彩妆化妆品1彩妆化妆品1彩妆化妆品1彩妆化妆品1彩妆化妆品1彩妆化妆品1彩妆化妆品1彩妆化妆品1彩妆化妆品1彩妆化妆品1彩妆化妆品1彩妆化妆品1彩妆化妆品1彩妆化妆品1彩妆化妆品1彩妆化妆品1彩妆化妆品1彩妆化妆品1彩妆化妆品1彩妆化妆品1彩妆化妆品1彩妆化妆品1彩妆化妆品1彩妆化妆品1彩妆化妆品1彩妆化妆品1彩妆化妆品1彩妆化妆品1彩妆化妆品1彩妆化妆品1彩妆化妆品1彩妆化妆品1彩妆化妆品1彩妆化妆品1彩妆化妆品1彩妆化妆品1彩妆化妆品1彩妆化妆品1彩妆化妆品1彩妆化妆品1彩妆化妆品1彩妆化妆品1彩妆化妆品1彩妆化妆品1彩妆化妆品1彩妆化妆品1\r\n</p>\r\n<p style=\"text-indent:2em;\">\r\n	彩妆化妆品1彩妆化妆品1彩妆化妆品1彩妆化妆品1彩妆化妆品1彩妆化妆品1彩妆化妆品1彩妆化妆品1彩妆化妆品1彩妆化妆品1彩妆化妆品1彩妆化妆品1彩妆化妆品1彩妆化妆品1彩妆化妆品1彩妆化妆品1彩妆化妆品1彩妆化妆品1彩妆化妆品1彩妆化妆品1彩妆化妆品1彩妆化妆品1彩妆化妆品1彩妆化妆品1彩妆化妆品1彩妆化妆品1彩妆化妆品1彩妆化妆品1彩妆化妆品1彩妆化妆品1彩妆化妆品1彩妆化妆品1彩妆化妆品1彩妆化妆品1彩妆化妆品1彩妆化妆品1彩妆化妆品1彩妆化妆品1\r\n</p>\r\n<p style=\"text-indent:2em;\">\r\n	彩妆化妆品1彩妆化妆品1彩妆化妆品1彩妆化妆品1彩妆化妆品1彩妆化妆品1彩妆化妆品1彩妆化妆品1彩妆化妆品1彩妆化妆品1彩妆化妆品1彩妆化妆品1彩妆化妆品1彩妆化妆品1彩妆化妆品1彩妆化妆品1彩妆化妆品1彩妆化妆品1彩妆化妆品1彩妆化妆品1彩妆化妆品1彩妆化妆品1彩妆化妆品1彩妆化妆品1彩妆化妆品1彩妆化妆品1彩妆化妆品1彩妆化妆品1彩妆化妆品1彩妆化妆品1彩妆化妆品1彩妆化妆品1\r\n</p>\r\n<p style=\"text-indent:2em;\">\r\n	彩妆化妆品1彩妆化妆品1彩妆化妆品1彩妆化妆品1彩妆化妆品1彩妆化妆品1彩妆化妆品1彩妆化妆品1彩妆化妆品1彩妆化妆品1彩妆化妆品1彩妆化妆品1彩妆化妆品1彩妆化妆品1彩妆化妆品1彩妆化妆品1彩妆化妆品1彩妆化妆品1彩妆化妆品1彩妆化妆品1彩妆化妆品1彩妆化妆品1彩妆化妆品1彩妆化妆品1彩妆化妆品1彩妆化妆品1彩妆化妆品1彩妆化妆品1彩妆化妆品1彩妆化妆品1彩妆化妆品1彩妆化妆品1彩妆化妆品1彩妆化妆品1彩妆化妆品1彩妆化妆品1彩妆化妆品1彩妆化妆品1彩妆化妆品1彩妆化妆品1彩妆化妆品1彩妆化妆品1彩妆化妆品1彩妆化妆品1彩妆化妆品1彩妆化妆品1彩妆化妆品1彩妆化妆品1彩妆化妆品1彩妆化妆品1彩妆化妆品1彩妆化妆品1彩妆化妆品1彩妆化妆品1彩妆化妆品1\r\n</p>\r\n<p style=\"text-align:center;text-indent:2em;\">\r\n	<img src=\"/z0caizhuangs/file/0.jpg\" alt=\"\" />\r\n</p>', '产地信息1', '特点信息1', '备注信息1', '2023-12-15 16:09:07', null, '150', '0', null, '60', null, null, null, null, '0', null, null, '/file/0.jpg', '0.jpg', '1', '化妆品类型一', null, null, null, null, null, null, null, '特价,高端', null, null, null, null, null, null, null, null, null, '1,3', null, null, null, null);
INSERT INTO `t_shuju` VALUES ('2', '彩妆化妆品2', '<p style=\"text-indent:2em;\">\r\n	彩妆化妆品2彩妆化妆品2彩妆化妆品2彩妆化妆品2彩妆化妆品2彩妆化妆品2彩妆化妆品2彩妆化妆品2彩妆化妆品2彩妆化妆品2彩妆化妆品2彩妆化妆品2彩妆化妆品2彩妆化妆品2彩妆化妆品2彩妆化妆品2彩妆化妆品2彩妆化妆品2彩妆化妆品2彩妆化妆品2彩妆化妆品2彩妆化妆品2彩妆化妆品2彩妆化妆品2彩妆化妆品2彩妆化妆品2彩妆化妆品2彩妆化妆品2彩妆化妆品2彩妆化妆品2彩妆化妆品2彩妆化妆品2彩妆化妆品2彩妆化妆品2彩妆化妆品2彩妆化妆品2彩妆化妆品2彩妆化妆品2彩妆化妆品2彩妆化妆品2彩妆化妆品2彩妆化妆品2彩妆化妆品2彩妆化妆品2彩妆化妆品2彩妆化妆品2彩妆化妆品2彩妆化妆品2彩妆化妆品2彩妆化妆品2彩妆化妆品2\r\n</p>\r\n<p style=\"text-indent:2em;\">\r\n	彩妆化妆品2彩妆化妆品2彩妆化妆品2彩妆化妆品2彩妆化妆品2彩妆化妆品2彩妆化妆品2彩妆化妆品2彩妆化妆品2彩妆化妆品2彩妆化妆品2彩妆化妆品2彩妆化妆品2彩妆化妆品2彩妆化妆品2彩妆化妆品2彩妆化妆品2彩妆化妆品2彩妆化妆品2彩妆化妆品2彩妆化妆品2彩妆化妆品2彩妆化妆品2彩妆化妆品2彩妆化妆品2彩妆化妆品2彩妆化妆品2彩妆化妆品2彩妆化妆品2彩妆化妆品2彩妆化妆品2彩妆化妆品2彩妆化妆品2彩妆化妆品2彩妆化妆品2彩妆化妆品2彩妆化妆品2彩妆化妆品2\r\n</p>\r\n<p style=\"text-indent:2em;\">\r\n	彩妆化妆品2彩妆化妆品2彩妆化妆品2彩妆化妆品2彩妆化妆品2彩妆化妆品2彩妆化妆品2彩妆化妆品2彩妆化妆品2彩妆化妆品2彩妆化妆品2彩妆化妆品2彩妆化妆品2彩妆化妆品2彩妆化妆品2彩妆化妆品2彩妆化妆品2彩妆化妆品2彩妆化妆品2彩妆化妆品2彩妆化妆品2彩妆化妆品2彩妆化妆品2彩妆化妆品2彩妆化妆品2彩妆化妆品2彩妆化妆品2彩妆化妆品2彩妆化妆品2彩妆化妆品2彩妆化妆品2彩妆化妆品2\r\n</p>\r\n<p style=\"text-indent:2em;\">\r\n	彩妆化妆品2彩妆化妆品2彩妆化妆品2彩妆化妆品2彩妆化妆品2彩妆化妆品2彩妆化妆品2彩妆化妆品2彩妆化妆品2彩妆化妆品2彩妆化妆品2彩妆化妆品2彩妆化妆品2彩妆化妆品2彩妆化妆品2彩妆化妆品2彩妆化妆品2彩妆化妆品2彩妆化妆品2彩妆化妆品2彩妆化妆品2彩妆化妆品2彩妆化妆品2彩妆化妆品2彩妆化妆品2彩妆化妆品2彩妆化妆品2彩妆化妆品2彩妆化妆品2彩妆化妆品2彩妆化妆品2彩妆化妆品2彩妆化妆品2彩妆化妆品2彩妆化妆品2彩妆化妆品2彩妆化妆品2彩妆化妆品2彩妆化妆品2彩妆化妆品2彩妆化妆品2彩妆化妆品2彩妆化妆品2彩妆化妆品2彩妆化妆品2彩妆化妆品2彩妆化妆品2彩妆化妆品2彩妆化妆品2彩妆化妆品2彩妆化妆品2彩妆化妆品2彩妆化妆品2彩妆化妆品2彩妆化妆品2\r\n</p>\r\n<p style=\"text-align:center;text-indent:2em;\">\r\n	<img src=\"/z0caizhuangs/file/1.jpg\" alt=\"\" />\r\n</p>', '产地信息2', '特点信息2', '备注信息2', '2023-12-15 16:09:07', null, '160', '0', null, '80', null, null, null, null, '0', null, null, '/file/1.jpg', '1.jpg', '2', '化妆品类型二', null, null, null, null, null, null, null, '特价,进口,高端', null, null, null, null, null, null, null, null, null, '1,2,3', null, null, null, null);
INSERT INTO `t_shuju` VALUES ('3', '彩妆化妆品3', '<p style=\"text-indent:2em;\">\r\n	彩妆化妆品3彩妆化妆品3彩妆化妆品3彩妆化妆品3彩妆化妆品3彩妆化妆品3彩妆化妆品3彩妆化妆品3彩妆化妆品3彩妆化妆品3彩妆化妆品3彩妆化妆品3彩妆化妆品3彩妆化妆品3彩妆化妆品3彩妆化妆品3彩妆化妆品3彩妆化妆品3彩妆化妆品3彩妆化妆品3彩妆化妆品3彩妆化妆品3彩妆化妆品3彩妆化妆品3彩妆化妆品3彩妆化妆品3彩妆化妆品3彩妆化妆品3彩妆化妆品3彩妆化妆品3彩妆化妆品3彩妆化妆品3彩妆化妆品3彩妆化妆品3彩妆化妆品3彩妆化妆品3彩妆化妆品3彩妆化妆品3彩妆化妆品3彩妆化妆品3彩妆化妆品3彩妆化妆品3彩妆化妆品3彩妆化妆品3彩妆化妆品3彩妆化妆品3彩妆化妆品3彩妆化妆品3彩妆化妆品3彩妆化妆品3彩妆化妆品3\r\n</p>\r\n<p style=\"text-indent:2em;\">\r\n	彩妆化妆品3彩妆化妆品3彩妆化妆品3彩妆化妆品3彩妆化妆品3彩妆化妆品3彩妆化妆品3彩妆化妆品3彩妆化妆品3彩妆化妆品3彩妆化妆品3彩妆化妆品3彩妆化妆品3彩妆化妆品3彩妆化妆品3彩妆化妆品3彩妆化妆品3彩妆化妆品3彩妆化妆品3彩妆化妆品3彩妆化妆品3彩妆化妆品3彩妆化妆品3彩妆化妆品3彩妆化妆品3彩妆化妆品3彩妆化妆品3彩妆化妆品3彩妆化妆品3彩妆化妆品3彩妆化妆品3彩妆化妆品3彩妆化妆品3彩妆化妆品3彩妆化妆品3彩妆化妆品3彩妆化妆品3彩妆化妆品3\r\n</p>\r\n<p style=\"text-indent:2em;\">\r\n	彩妆化妆品3彩妆化妆品3彩妆化妆品3彩妆化妆品3彩妆化妆品3彩妆化妆品3彩妆化妆品3彩妆化妆品3彩妆化妆品3彩妆化妆品3彩妆化妆品3彩妆化妆品3彩妆化妆品3彩妆化妆品3彩妆化妆品3彩妆化妆品3彩妆化妆品3彩妆化妆品3彩妆化妆品3彩妆化妆品3彩妆化妆品3彩妆化妆品3彩妆化妆品3彩妆化妆品3彩妆化妆品3彩妆化妆品3彩妆化妆品3彩妆化妆品3彩妆化妆品3彩妆化妆品3彩妆化妆品3彩妆化妆品3\r\n</p>\r\n<p style=\"text-indent:2em;\">\r\n	彩妆化妆品3彩妆化妆品3彩妆化妆品3彩妆化妆品3彩妆化妆品3彩妆化妆品3彩妆化妆品3彩妆化妆品3彩妆化妆品3彩妆化妆品3彩妆化妆品3彩妆化妆品3彩妆化妆品3彩妆化妆品3彩妆化妆品3彩妆化妆品3彩妆化妆品3彩妆化妆品3彩妆化妆品3彩妆化妆品3彩妆化妆品3彩妆化妆品3彩妆化妆品3彩妆化妆品3彩妆化妆品3彩妆化妆品3彩妆化妆品3彩妆化妆品3彩妆化妆品3彩妆化妆品3彩妆化妆品3彩妆化妆品3彩妆化妆品3彩妆化妆品3彩妆化妆品3彩妆化妆品3彩妆化妆品3彩妆化妆品3彩妆化妆品3彩妆化妆品3彩妆化妆品3彩妆化妆品3彩妆化妆品3彩妆化妆品3彩妆化妆品3彩妆化妆品3彩妆化妆品3彩妆化妆品3彩妆化妆品3彩妆化妆品3彩妆化妆品3彩妆化妆品3彩妆化妆品3彩妆化妆品3彩妆化妆品3\r\n</p>\r\n<p style=\"text-align:center;text-indent:2em;\">\r\n	<img src=\"/z0caizhuangs/file/2.jpg\" alt=\"\" />\r\n</p>', '产地信息3', '特点信息3', '备注信息3', '2023-12-15 16:09:07', null, '170', '0', null, '90', null, null, null, null, '0', null, null, '/file/2.jpg', '2.jpg', '3', '化妆品类型三', null, null, null, null, null, null, null, '特价,进口', null, null, null, null, null, null, null, null, null, '1,2', null, null, null, null);
INSERT INTO `t_shuju` VALUES ('4', '彩妆化妆品4', '<p style=\"text-indent:2em;\">\r\n	彩妆化妆品4彩妆化妆品4彩妆化妆品4彩妆化妆品4彩妆化妆品4彩妆化妆品4彩妆化妆品4彩妆化妆品4彩妆化妆品4彩妆化妆品4彩妆化妆品4彩妆化妆品4彩妆化妆品4彩妆化妆品4彩妆化妆品4彩妆化妆品4彩妆化妆品4彩妆化妆品4彩妆化妆品4彩妆化妆品4彩妆化妆品4彩妆化妆品4彩妆化妆品4彩妆化妆品4彩妆化妆品4彩妆化妆品4彩妆化妆品4彩妆化妆品4彩妆化妆品4彩妆化妆品4彩妆化妆品4彩妆化妆品4彩妆化妆品4彩妆化妆品4彩妆化妆品4彩妆化妆品4彩妆化妆品4彩妆化妆品4彩妆化妆品4彩妆化妆品4彩妆化妆品4彩妆化妆品4彩妆化妆品4彩妆化妆品4彩妆化妆品4彩妆化妆品4彩妆化妆品4彩妆化妆品4彩妆化妆品4彩妆化妆品4彩妆化妆品4\r\n</p>\r\n<p style=\"text-indent:2em;\">\r\n	彩妆化妆品4彩妆化妆品4彩妆化妆品4彩妆化妆品4彩妆化妆品4彩妆化妆品4彩妆化妆品4彩妆化妆品4彩妆化妆品4彩妆化妆品4彩妆化妆品4彩妆化妆品4彩妆化妆品4彩妆化妆品4彩妆化妆品4彩妆化妆品4彩妆化妆品4彩妆化妆品4彩妆化妆品4彩妆化妆品4彩妆化妆品4彩妆化妆品4彩妆化妆品4彩妆化妆品4彩妆化妆品4彩妆化妆品4彩妆化妆品4彩妆化妆品4彩妆化妆品4彩妆化妆品4彩妆化妆品4彩妆化妆品4彩妆化妆品4彩妆化妆品4彩妆化妆品4彩妆化妆品4彩妆化妆品4彩妆化妆品4\r\n</p>\r\n<p style=\"text-indent:2em;\">\r\n	彩妆化妆品4彩妆化妆品4彩妆化妆品4彩妆化妆品4彩妆化妆品4彩妆化妆品4彩妆化妆品4彩妆化妆品4彩妆化妆品4彩妆化妆品4彩妆化妆品4彩妆化妆品4彩妆化妆品4彩妆化妆品4彩妆化妆品4彩妆化妆品4彩妆化妆品4彩妆化妆品4彩妆化妆品4彩妆化妆品4彩妆化妆品4彩妆化妆品4彩妆化妆品4彩妆化妆品4彩妆化妆品4彩妆化妆品4彩妆化妆品4彩妆化妆品4彩妆化妆品4彩妆化妆品4彩妆化妆品4彩妆化妆品4\r\n</p>\r\n<p style=\"text-indent:2em;\">\r\n	彩妆化妆品4彩妆化妆品4彩妆化妆品4彩妆化妆品4彩妆化妆品4彩妆化妆品4彩妆化妆品4彩妆化妆品4彩妆化妆品4彩妆化妆品4彩妆化妆品4彩妆化妆品4彩妆化妆品4彩妆化妆品4彩妆化妆品4彩妆化妆品4彩妆化妆品4彩妆化妆品4彩妆化妆品4彩妆化妆品4彩妆化妆品4彩妆化妆品4彩妆化妆品4彩妆化妆品4彩妆化妆品4彩妆化妆品4彩妆化妆品4彩妆化妆品4彩妆化妆品4彩妆化妆品4彩妆化妆品4彩妆化妆品4彩妆化妆品4彩妆化妆品4彩妆化妆品4彩妆化妆品4彩妆化妆品4彩妆化妆品4彩妆化妆品4彩妆化妆品4彩妆化妆品4彩妆化妆品4彩妆化妆品4彩妆化妆品4彩妆化妆品4彩妆化妆品4彩妆化妆品4彩妆化妆品4彩妆化妆品4彩妆化妆品4彩妆化妆品4彩妆化妆品4彩妆化妆品4彩妆化妆品4彩妆化妆品4\r\n</p>\r\n<p style=\"text-align:center;text-indent:2em;\">\r\n	<img src=\"/z0caizhuangs/file/3.jpg\" alt=\"\" />\r\n</p>', '产地信息4', '特点信息4', '备注信息4', '2023-12-15 16:09:07', null, '180', '0', null, '110', null, null, null, null, '0', null, null, '/file/3.jpg', '3.jpg', '4', '化妆品类型四', null, null, null, null, null, null, null, '进口,高端', null, null, null, null, null, null, null, null, null, '2,3', null, null, null, null);
INSERT INTO `t_shuju` VALUES ('5', '彩妆化妆品5', '<p style=\"text-indent:2em;\">\r\n	彩妆化妆品5彩妆化妆品5彩妆化妆品5彩妆化妆品5彩妆化妆品5彩妆化妆品5彩妆化妆品5彩妆化妆品5彩妆化妆品5彩妆化妆品5彩妆化妆品5彩妆化妆品5彩妆化妆品5彩妆化妆品5彩妆化妆品5彩妆化妆品5彩妆化妆品5彩妆化妆品5彩妆化妆品5彩妆化妆品5彩妆化妆品5彩妆化妆品5彩妆化妆品5彩妆化妆品5彩妆化妆品5彩妆化妆品5彩妆化妆品5彩妆化妆品5彩妆化妆品5彩妆化妆品5彩妆化妆品5彩妆化妆品5彩妆化妆品5彩妆化妆品5彩妆化妆品5彩妆化妆品5彩妆化妆品5彩妆化妆品5彩妆化妆品5彩妆化妆品5彩妆化妆品5彩妆化妆品5彩妆化妆品5彩妆化妆品5彩妆化妆品5彩妆化妆品5彩妆化妆品5彩妆化妆品5彩妆化妆品5彩妆化妆品5彩妆化妆品5\r\n</p>\r\n<p style=\"text-indent:2em;\">\r\n	彩妆化妆品5彩妆化妆品5彩妆化妆品5彩妆化妆品5彩妆化妆品5彩妆化妆品5彩妆化妆品5彩妆化妆品5彩妆化妆品5彩妆化妆品5彩妆化妆品5彩妆化妆品5彩妆化妆品5彩妆化妆品5彩妆化妆品5彩妆化妆品5彩妆化妆品5彩妆化妆品5彩妆化妆品5彩妆化妆品5彩妆化妆品5彩妆化妆品5彩妆化妆品5彩妆化妆品5彩妆化妆品5彩妆化妆品5彩妆化妆品5彩妆化妆品5彩妆化妆品5彩妆化妆品5彩妆化妆品5彩妆化妆品5彩妆化妆品5彩妆化妆品5彩妆化妆品5彩妆化妆品5彩妆化妆品5彩妆化妆品5\r\n</p>\r\n<p style=\"text-indent:2em;\">\r\n	彩妆化妆品5彩妆化妆品5彩妆化妆品5彩妆化妆品5彩妆化妆品5彩妆化妆品5彩妆化妆品5彩妆化妆品5彩妆化妆品5彩妆化妆品5彩妆化妆品5彩妆化妆品5彩妆化妆品5彩妆化妆品5彩妆化妆品5彩妆化妆品5彩妆化妆品5彩妆化妆品5彩妆化妆品5彩妆化妆品5彩妆化妆品5彩妆化妆品5彩妆化妆品5彩妆化妆品5彩妆化妆品5彩妆化妆品5彩妆化妆品5彩妆化妆品5彩妆化妆品5彩妆化妆品5彩妆化妆品5彩妆化妆品5\r\n</p>\r\n<p style=\"text-indent:2em;\">\r\n	彩妆化妆品5彩妆化妆品5彩妆化妆品5彩妆化妆品5彩妆化妆品5彩妆化妆品5彩妆化妆品5彩妆化妆品5彩妆化妆品5彩妆化妆品5彩妆化妆品5彩妆化妆品5彩妆化妆品5彩妆化妆品5彩妆化妆品5彩妆化妆品5彩妆化妆品5彩妆化妆品5彩妆化妆品5彩妆化妆品5彩妆化妆品5彩妆化妆品5彩妆化妆品5彩妆化妆品5彩妆化妆品5彩妆化妆品5彩妆化妆品5彩妆化妆品5彩妆化妆品5彩妆化妆品5彩妆化妆品5彩妆化妆品5彩妆化妆品5彩妆化妆品5彩妆化妆品5彩妆化妆品5彩妆化妆品5彩妆化妆品5彩妆化妆品5彩妆化妆品5彩妆化妆品5彩妆化妆品5彩妆化妆品5彩妆化妆品5彩妆化妆品5彩妆化妆品5彩妆化妆品5彩妆化妆品5彩妆化妆品5彩妆化妆品5彩妆化妆品5彩妆化妆品5彩妆化妆品5彩妆化妆品5彩妆化妆品5\r\n</p>\r\n<p style=\"text-align:center;text-indent:2em;\">\r\n	<img src=\"/z0caizhuangs/file/4.jpg\" alt=\"\" />\r\n</p>', '产地信息5', '特点信息5', '备注信息5', '2023-12-15 16:09:07', null, '190', '0', null, '75', null, null, null, null, '0', null, null, '/file/4.jpg', '4.jpg', '5', '化妆品类型五', null, null, null, null, null, null, null, '特价,高端', null, null, null, null, null, null, null, null, null, '1,3', null, null, null, null);
INSERT INTO `t_shuju` VALUES ('6', '彩妆化妆品6', '<p style=\"text-indent:2em;\">\r\n	彩妆化妆品6彩妆化妆品6彩妆化妆品6彩妆化妆品6彩妆化妆品6彩妆化妆品6彩妆化妆品6彩妆化妆品6彩妆化妆品6彩妆化妆品6彩妆化妆品6彩妆化妆品6彩妆化妆品6彩妆化妆品6彩妆化妆品6彩妆化妆品6彩妆化妆品6彩妆化妆品6彩妆化妆品6彩妆化妆品6彩妆化妆品6彩妆化妆品6彩妆化妆品6彩妆化妆品6彩妆化妆品6彩妆化妆品6彩妆化妆品6彩妆化妆品6彩妆化妆品6彩妆化妆品6彩妆化妆品6彩妆化妆品6彩妆化妆品6彩妆化妆品6彩妆化妆品6彩妆化妆品6彩妆化妆品6彩妆化妆品6彩妆化妆品6彩妆化妆品6彩妆化妆品6彩妆化妆品6彩妆化妆品6彩妆化妆品6彩妆化妆品6彩妆化妆品6彩妆化妆品6彩妆化妆品6彩妆化妆品6彩妆化妆品6彩妆化妆品6\r\n</p>\r\n<p style=\"text-indent:2em;\">\r\n	彩妆化妆品6彩妆化妆品6彩妆化妆品6彩妆化妆品6彩妆化妆品6彩妆化妆品6彩妆化妆品6彩妆化妆品6彩妆化妆品6彩妆化妆品6彩妆化妆品6彩妆化妆品6彩妆化妆品6彩妆化妆品6彩妆化妆品6彩妆化妆品6彩妆化妆品6彩妆化妆品6彩妆化妆品6彩妆化妆品6彩妆化妆品6彩妆化妆品6彩妆化妆品6彩妆化妆品6彩妆化妆品6彩妆化妆品6彩妆化妆品6彩妆化妆品6彩妆化妆品6彩妆化妆品6彩妆化妆品6彩妆化妆品6彩妆化妆品6彩妆化妆品6彩妆化妆品6彩妆化妆品6彩妆化妆品6彩妆化妆品6\r\n</p>\r\n<p style=\"text-indent:2em;\">\r\n	彩妆化妆品6彩妆化妆品6彩妆化妆品6彩妆化妆品6彩妆化妆品6彩妆化妆品6彩妆化妆品6彩妆化妆品6彩妆化妆品6彩妆化妆品6彩妆化妆品6彩妆化妆品6彩妆化妆品6彩妆化妆品6彩妆化妆品6彩妆化妆品6彩妆化妆品6彩妆化妆品6彩妆化妆品6彩妆化妆品6彩妆化妆品6彩妆化妆品6彩妆化妆品6彩妆化妆品6彩妆化妆品6彩妆化妆品6彩妆化妆品6彩妆化妆品6彩妆化妆品6彩妆化妆品6彩妆化妆品6彩妆化妆品6\r\n</p>\r\n<p style=\"text-indent:2em;\">\r\n	彩妆化妆品6彩妆化妆品6彩妆化妆品6彩妆化妆品6彩妆化妆品6彩妆化妆品6彩妆化妆品6彩妆化妆品6彩妆化妆品6彩妆化妆品6彩妆化妆品6彩妆化妆品6彩妆化妆品6彩妆化妆品6彩妆化妆品6彩妆化妆品6彩妆化妆品6彩妆化妆品6彩妆化妆品6彩妆化妆品6彩妆化妆品6彩妆化妆品6彩妆化妆品6彩妆化妆品6彩妆化妆品6彩妆化妆品6彩妆化妆品6彩妆化妆品6彩妆化妆品6彩妆化妆品6彩妆化妆品6彩妆化妆品6彩妆化妆品6彩妆化妆品6彩妆化妆品6彩妆化妆品6彩妆化妆品6彩妆化妆品6彩妆化妆品6彩妆化妆品6彩妆化妆品6彩妆化妆品6彩妆化妆品6彩妆化妆品6彩妆化妆品6彩妆化妆品6彩妆化妆品6彩妆化妆品6彩妆化妆品6彩妆化妆品6彩妆化妆品6彩妆化妆品6彩妆化妆品6彩妆化妆品6彩妆化妆品6\r\n</p>\r\n<p style=\"text-align:center;text-indent:2em;\">\r\n	<img src=\"/z0caizhuangs/file/5.jpg\" alt=\"\" />\r\n</p>', '产地信息6', '特点信息6', '备注信息6', '2023-12-15 16:09:07', null, '200', '0', null, '45', null, null, null, null, '0', null, null, '/file/5.jpg', '5.jpg', '1', '化妆品类型一', null, null, null, null, null, null, null, '特价,进口,高端', null, null, null, null, null, null, null, null, null, '1,2,3', null, null, null, null);
INSERT INTO `t_shuju` VALUES ('7', '彩妆化妆品7', '<p style=\"text-indent:2em;\">\r\n	彩妆化妆品7彩妆化妆品7彩妆化妆品7彩妆化妆品7彩妆化妆品7彩妆化妆品7彩妆化妆品7彩妆化妆品7彩妆化妆品7彩妆化妆品7彩妆化妆品7彩妆化妆品7彩妆化妆品7彩妆化妆品7彩妆化妆品7彩妆化妆品7彩妆化妆品7彩妆化妆品7彩妆化妆品7彩妆化妆品7彩妆化妆品7彩妆化妆品7彩妆化妆品7彩妆化妆品7彩妆化妆品7彩妆化妆品7彩妆化妆品7彩妆化妆品7彩妆化妆品7彩妆化妆品7彩妆化妆品7彩妆化妆品7彩妆化妆品7彩妆化妆品7彩妆化妆品7彩妆化妆品7彩妆化妆品7彩妆化妆品7彩妆化妆品7彩妆化妆品7彩妆化妆品7彩妆化妆品7彩妆化妆品7彩妆化妆品7彩妆化妆品7彩妆化妆品7彩妆化妆品7彩妆化妆品7彩妆化妆品7彩妆化妆品7彩妆化妆品7\r\n</p>\r\n<p style=\"text-indent:2em;\">\r\n	彩妆化妆品7彩妆化妆品7彩妆化妆品7彩妆化妆品7彩妆化妆品7彩妆化妆品7彩妆化妆品7彩妆化妆品7彩妆化妆品7彩妆化妆品7彩妆化妆品7彩妆化妆品7彩妆化妆品7彩妆化妆品7彩妆化妆品7彩妆化妆品7彩妆化妆品7彩妆化妆品7彩妆化妆品7彩妆化妆品7彩妆化妆品7彩妆化妆品7彩妆化妆品7彩妆化妆品7彩妆化妆品7彩妆化妆品7彩妆化妆品7彩妆化妆品7彩妆化妆品7彩妆化妆品7彩妆化妆品7彩妆化妆品7彩妆化妆品7彩妆化妆品7彩妆化妆品7彩妆化妆品7彩妆化妆品7彩妆化妆品7\r\n</p>\r\n<p style=\"text-indent:2em;\">\r\n	彩妆化妆品7彩妆化妆品7彩妆化妆品7彩妆化妆品7彩妆化妆品7彩妆化妆品7彩妆化妆品7彩妆化妆品7彩妆化妆品7彩妆化妆品7彩妆化妆品7彩妆化妆品7彩妆化妆品7彩妆化妆品7彩妆化妆品7彩妆化妆品7彩妆化妆品7彩妆化妆品7彩妆化妆品7彩妆化妆品7彩妆化妆品7彩妆化妆品7彩妆化妆品7彩妆化妆品7彩妆化妆品7彩妆化妆品7彩妆化妆品7彩妆化妆品7彩妆化妆品7彩妆化妆品7彩妆化妆品7彩妆化妆品7\r\n</p>\r\n<p style=\"text-indent:2em;\">\r\n	彩妆化妆品7彩妆化妆品7彩妆化妆品7彩妆化妆品7彩妆化妆品7彩妆化妆品7彩妆化妆品7彩妆化妆品7彩妆化妆品7彩妆化妆品7彩妆化妆品7彩妆化妆品7彩妆化妆品7彩妆化妆品7彩妆化妆品7彩妆化妆品7彩妆化妆品7彩妆化妆品7彩妆化妆品7彩妆化妆品7彩妆化妆品7彩妆化妆品7彩妆化妆品7彩妆化妆品7彩妆化妆品7彩妆化妆品7彩妆化妆品7彩妆化妆品7彩妆化妆品7彩妆化妆品7彩妆化妆品7彩妆化妆品7彩妆化妆品7彩妆化妆品7彩妆化妆品7彩妆化妆品7彩妆化妆品7彩妆化妆品7彩妆化妆品7彩妆化妆品7彩妆化妆品7彩妆化妆品7彩妆化妆品7彩妆化妆品7彩妆化妆品7彩妆化妆品7彩妆化妆品7彩妆化妆品7彩妆化妆品7彩妆化妆品7彩妆化妆品7彩妆化妆品7彩妆化妆品7彩妆化妆品7彩妆化妆品7\r\n</p>\r\n<p style=\"text-align:center;text-indent:2em;\">\r\n	<img src=\"/z0caizhuangs/file/6.jpg\" alt=\"\" />\r\n</p>', '产地信息7', '特点信息7', '备注信息7', '2023-12-15 16:09:07', null, '210', '0', null, '30', null, null, null, null, '0', null, null, '/file/6.jpg', '6.jpg', '2', '化妆品类型二', null, null, null, null, null, null, null, '特价,进口', null, null, null, null, null, null, null, null, null, '1,2', null, null, null, null);
INSERT INTO `t_shuju` VALUES ('8', '彩妆化妆品8', '<p style=\"text-indent:2em;\">\r\n	彩妆化妆品8彩妆化妆品8彩妆化妆品8彩妆化妆品8彩妆化妆品8彩妆化妆品8彩妆化妆品8彩妆化妆品8彩妆化妆品8彩妆化妆品8彩妆化妆品8彩妆化妆品8彩妆化妆品8彩妆化妆品8彩妆化妆品8彩妆化妆品8彩妆化妆品8彩妆化妆品8彩妆化妆品8彩妆化妆品8彩妆化妆品8彩妆化妆品8彩妆化妆品8彩妆化妆品8彩妆化妆品8彩妆化妆品8彩妆化妆品8彩妆化妆品8彩妆化妆品8彩妆化妆品8彩妆化妆品8彩妆化妆品8彩妆化妆品8彩妆化妆品8彩妆化妆品8彩妆化妆品8彩妆化妆品8彩妆化妆品8彩妆化妆品8彩妆化妆品8彩妆化妆品8彩妆化妆品8彩妆化妆品8彩妆化妆品8彩妆化妆品8彩妆化妆品8彩妆化妆品8彩妆化妆品8彩妆化妆品8彩妆化妆品8彩妆化妆品8\r\n</p>\r\n<p style=\"text-indent:2em;\">\r\n	彩妆化妆品8彩妆化妆品8彩妆化妆品8彩妆化妆品8彩妆化妆品8彩妆化妆品8彩妆化妆品8彩妆化妆品8彩妆化妆品8彩妆化妆品8彩妆化妆品8彩妆化妆品8彩妆化妆品8彩妆化妆品8彩妆化妆品8彩妆化妆品8彩妆化妆品8彩妆化妆品8彩妆化妆品8彩妆化妆品8彩妆化妆品8彩妆化妆品8彩妆化妆品8彩妆化妆品8彩妆化妆品8彩妆化妆品8彩妆化妆品8彩妆化妆品8彩妆化妆品8彩妆化妆品8彩妆化妆品8彩妆化妆品8彩妆化妆品8彩妆化妆品8彩妆化妆品8彩妆化妆品8彩妆化妆品8彩妆化妆品8\r\n</p>\r\n<p style=\"text-indent:2em;\">\r\n	彩妆化妆品8彩妆化妆品8彩妆化妆品8彩妆化妆品8彩妆化妆品8彩妆化妆品8彩妆化妆品8彩妆化妆品8彩妆化妆品8彩妆化妆品8彩妆化妆品8彩妆化妆品8彩妆化妆品8彩妆化妆品8彩妆化妆品8彩妆化妆品8彩妆化妆品8彩妆化妆品8彩妆化妆品8彩妆化妆品8彩妆化妆品8彩妆化妆品8彩妆化妆品8彩妆化妆品8彩妆化妆品8彩妆化妆品8彩妆化妆品8彩妆化妆品8彩妆化妆品8彩妆化妆品8彩妆化妆品8彩妆化妆品8\r\n</p>\r\n<p style=\"text-indent:2em;\">\r\n	彩妆化妆品8彩妆化妆品8彩妆化妆品8彩妆化妆品8彩妆化妆品8彩妆化妆品8彩妆化妆品8彩妆化妆品8彩妆化妆品8彩妆化妆品8彩妆化妆品8彩妆化妆品8彩妆化妆品8彩妆化妆品8彩妆化妆品8彩妆化妆品8彩妆化妆品8彩妆化妆品8彩妆化妆品8彩妆化妆品8彩妆化妆品8彩妆化妆品8彩妆化妆品8彩妆化妆品8彩妆化妆品8彩妆化妆品8彩妆化妆品8彩妆化妆品8彩妆化妆品8彩妆化妆品8彩妆化妆品8彩妆化妆品8彩妆化妆品8彩妆化妆品8彩妆化妆品8彩妆化妆品8彩妆化妆品8彩妆化妆品8彩妆化妆品8彩妆化妆品8彩妆化妆品8彩妆化妆品8彩妆化妆品8彩妆化妆品8彩妆化妆品8彩妆化妆品8彩妆化妆品8彩妆化妆品8彩妆化妆品8彩妆化妆品8彩妆化妆品8彩妆化妆品8彩妆化妆品8彩妆化妆品8彩妆化妆品8\r\n</p>\r\n<p style=\"text-align:center;text-indent:2em;\">\r\n	<img src=\"/z0caizhuangs/file/7.jpg\" alt=\"\" />\r\n</p>', '产地信息8', '特点信息8', '备注信息8', '2023-12-15 16:09:07', null, '220', '0', null, '25', null, null, null, null, '0', null, null, '/file/7.jpg', '7.jpg', '1', '化妆品类型一', null, null, null, null, null, null, null, '进口,高端', null, null, null, null, null, null, null, null, null, '2,3', null, null, null, null);
INSERT INTO `t_shuju` VALUES ('9', '彩妆化妆品9', '<p style=\"text-indent:2em;\">\r\n	彩妆化妆品9彩妆化妆品9彩妆化妆品9彩妆化妆品9彩妆化妆品9彩妆化妆品9彩妆化妆品9彩妆化妆品9彩妆化妆品9彩妆化妆品9彩妆化妆品9彩妆化妆品9彩妆化妆品9彩妆化妆品9彩妆化妆品9彩妆化妆品9彩妆化妆品9彩妆化妆品9彩妆化妆品9彩妆化妆品9彩妆化妆品9彩妆化妆品9彩妆化妆品9彩妆化妆品9彩妆化妆品9彩妆化妆品9彩妆化妆品9彩妆化妆品9彩妆化妆品9彩妆化妆品9彩妆化妆品9彩妆化妆品9彩妆化妆品9彩妆化妆品9彩妆化妆品9彩妆化妆品9彩妆化妆品9彩妆化妆品9彩妆化妆品9彩妆化妆品9彩妆化妆品9彩妆化妆品9彩妆化妆品9彩妆化妆品9彩妆化妆品9彩妆化妆品9彩妆化妆品9彩妆化妆品9彩妆化妆品9彩妆化妆品9彩妆化妆品9\r\n</p>\r\n<p style=\"text-indent:2em;\">\r\n	彩妆化妆品9彩妆化妆品9彩妆化妆品9彩妆化妆品9彩妆化妆品9彩妆化妆品9彩妆化妆品9彩妆化妆品9彩妆化妆品9彩妆化妆品9彩妆化妆品9彩妆化妆品9彩妆化妆品9彩妆化妆品9彩妆化妆品9彩妆化妆品9彩妆化妆品9彩妆化妆品9彩妆化妆品9彩妆化妆品9彩妆化妆品9彩妆化妆品9彩妆化妆品9彩妆化妆品9彩妆化妆品9彩妆化妆品9彩妆化妆品9彩妆化妆品9彩妆化妆品9彩妆化妆品9彩妆化妆品9彩妆化妆品9彩妆化妆品9彩妆化妆品9彩妆化妆品9彩妆化妆品9彩妆化妆品9彩妆化妆品9\r\n</p>\r\n<p style=\"text-indent:2em;\">\r\n	彩妆化妆品9彩妆化妆品9彩妆化妆品9彩妆化妆品9彩妆化妆品9彩妆化妆品9彩妆化妆品9彩妆化妆品9彩妆化妆品9彩妆化妆品9彩妆化妆品9彩妆化妆品9彩妆化妆品9彩妆化妆品9彩妆化妆品9彩妆化妆品9彩妆化妆品9彩妆化妆品9彩妆化妆品9彩妆化妆品9彩妆化妆品9彩妆化妆品9彩妆化妆品9彩妆化妆品9彩妆化妆品9彩妆化妆品9彩妆化妆品9彩妆化妆品9彩妆化妆品9彩妆化妆品9彩妆化妆品9彩妆化妆品9\r\n</p>\r\n<p style=\"text-indent:2em;\">\r\n	彩妆化妆品9彩妆化妆品9彩妆化妆品9彩妆化妆品9彩妆化妆品9彩妆化妆品9彩妆化妆品9彩妆化妆品9彩妆化妆品9彩妆化妆品9彩妆化妆品9彩妆化妆品9彩妆化妆品9彩妆化妆品9彩妆化妆品9彩妆化妆品9彩妆化妆品9彩妆化妆品9彩妆化妆品9彩妆化妆品9彩妆化妆品9彩妆化妆品9彩妆化妆品9彩妆化妆品9彩妆化妆品9彩妆化妆品9彩妆化妆品9彩妆化妆品9彩妆化妆品9彩妆化妆品9彩妆化妆品9彩妆化妆品9彩妆化妆品9彩妆化妆品9彩妆化妆品9彩妆化妆品9彩妆化妆品9彩妆化妆品9彩妆化妆品9彩妆化妆品9彩妆化妆品9彩妆化妆品9彩妆化妆品9彩妆化妆品9彩妆化妆品9彩妆化妆品9彩妆化妆品9彩妆化妆品9彩妆化妆品9彩妆化妆品9彩妆化妆品9彩妆化妆品9彩妆化妆品9彩妆化妆品9彩妆化妆品9\r\n</p>\r\n<p style=\"text-align:center;text-indent:2em;\">\r\n	<img src=\"/z0caizhuangs/file/8.jpg\" alt=\"\" />\r\n</p>', '产地信息9', '特点信息9', '备注信息9', '2023-12-15 16:09:07', null, '230', '0', null, '15', null, null, null, null, '0', null, null, '/file/8.jpg', '8.jpg', '2', '化妆品类型二', null, null, null, null, null, null, null, '特价,高端', null, null, null, null, null, null, null, null, null, '1,3', null, null, null, null);
INSERT INTO `t_shuju` VALUES ('10', '彩妆化妆品10', '<p style=\"text-indent:2em;\">\r\n	彩妆化妆品10彩妆化妆品10彩妆化妆品10彩妆化妆品10彩妆化妆品10彩妆化妆品10彩妆化妆品10彩妆化妆品10彩妆化妆品10彩妆化妆品10彩妆化妆品10彩妆化妆品10彩妆化妆品10彩妆化妆品10彩妆化妆品10彩妆化妆品10彩妆化妆品10彩妆化妆品10彩妆化妆品10彩妆化妆品10彩妆化妆品10彩妆化妆品10彩妆化妆品10彩妆化妆品10彩妆化妆品10彩妆化妆品10彩妆化妆品10彩妆化妆品10彩妆化妆品10彩妆化妆品10彩妆化妆品10彩妆化妆品10彩妆化妆品10彩妆化妆品10彩妆化妆品10彩妆化妆品10彩妆化妆品10彩妆化妆品10彩妆化妆品10彩妆化妆品10彩妆化妆品10彩妆化妆品10彩妆化妆品10彩妆化妆品10彩妆化妆品10彩妆化妆品10彩妆化妆品10彩妆化妆品10彩妆化妆品10彩妆化妆品10彩妆化妆品10\r\n</p>\r\n<p style=\"text-indent:2em;\">\r\n	彩妆化妆品10彩妆化妆品10彩妆化妆品10彩妆化妆品10彩妆化妆品10彩妆化妆品10彩妆化妆品10彩妆化妆品10彩妆化妆品10彩妆化妆品10彩妆化妆品10彩妆化妆品10彩妆化妆品10彩妆化妆品10彩妆化妆品10彩妆化妆品10彩妆化妆品10彩妆化妆品10彩妆化妆品10彩妆化妆品10彩妆化妆品10彩妆化妆品10彩妆化妆品10彩妆化妆品10彩妆化妆品10彩妆化妆品10彩妆化妆品10彩妆化妆品10彩妆化妆品10彩妆化妆品10彩妆化妆品10彩妆化妆品10彩妆化妆品10彩妆化妆品10彩妆化妆品10彩妆化妆品10彩妆化妆品10彩妆化妆品10\r\n</p>\r\n<p style=\"text-indent:2em;\">\r\n	彩妆化妆品10彩妆化妆品10彩妆化妆品10彩妆化妆品10彩妆化妆品10彩妆化妆品10彩妆化妆品10彩妆化妆品10彩妆化妆品10彩妆化妆品10彩妆化妆品10彩妆化妆品10彩妆化妆品10彩妆化妆品10彩妆化妆品10彩妆化妆品10彩妆化妆品10彩妆化妆品10彩妆化妆品10彩妆化妆品10彩妆化妆品10彩妆化妆品10彩妆化妆品10彩妆化妆品10彩妆化妆品10彩妆化妆品10彩妆化妆品10彩妆化妆品10彩妆化妆品10彩妆化妆品10彩妆化妆品10彩妆化妆品10\r\n</p>\r\n<p style=\"text-indent:2em;\">\r\n	彩妆化妆品10彩妆化妆品10彩妆化妆品10彩妆化妆品10彩妆化妆品10彩妆化妆品10彩妆化妆品10彩妆化妆品10彩妆化妆品10彩妆化妆品10彩妆化妆品10彩妆化妆品10彩妆化妆品10彩妆化妆品10彩妆化妆品10彩妆化妆品10彩妆化妆品10彩妆化妆品10彩妆化妆品10彩妆化妆品10彩妆化妆品10彩妆化妆品10彩妆化妆品10彩妆化妆品10彩妆化妆品10彩妆化妆品10彩妆化妆品10彩妆化妆品10彩妆化妆品10彩妆化妆品10彩妆化妆品10彩妆化妆品10彩妆化妆品10彩妆化妆品10彩妆化妆品10彩妆化妆品10彩妆化妆品10彩妆化妆品10彩妆化妆品10彩妆化妆品10彩妆化妆品10彩妆化妆品10彩妆化妆品10彩妆化妆品10彩妆化妆品10彩妆化妆品10彩妆化妆品10彩妆化妆品10彩妆化妆品10彩妆化妆品10彩妆化妆品10彩妆化妆品10彩妆化妆品10彩妆化妆品10彩妆化妆品10\r\n</p>\r\n<p style=\"text-align:center;text-indent:2em;\">\r\n	<img src=\"/z0caizhuangs/file/9.jpg\" alt=\"\" />\r\n</p>', '产地信息10', '特点信息10', '备注信息10', '2023-12-15 16:09:07', null, '240', '0', null, '55', null, null, null, null, '0', null, null, '/file/9.jpg', '9.jpg', '3', '化妆品类型三', null, null, null, null, null, null, null, '特价,进口,高端', null, null, null, null, null, null, null, null, null, '1,2,3', null, null, null, null);
INSERT INTO `t_shuju` VALUES ('11', '彩妆化妆品11', '<p style=\"text-indent:2em;\">\r\n	彩妆化妆品11彩妆化妆品11彩妆化妆品11彩妆化妆品11彩妆化妆品11彩妆化妆品11彩妆化妆品11彩妆化妆品11彩妆化妆品11彩妆化妆品11彩妆化妆品11彩妆化妆品11彩妆化妆品11彩妆化妆品11彩妆化妆品11彩妆化妆品11彩妆化妆品11彩妆化妆品11彩妆化妆品11彩妆化妆品11彩妆化妆品11彩妆化妆品11彩妆化妆品11彩妆化妆品11彩妆化妆品11彩妆化妆品11彩妆化妆品11彩妆化妆品11彩妆化妆品11彩妆化妆品11彩妆化妆品11彩妆化妆品11彩妆化妆品11彩妆化妆品11彩妆化妆品11彩妆化妆品11彩妆化妆品11彩妆化妆品11彩妆化妆品11彩妆化妆品11彩妆化妆品11彩妆化妆品11彩妆化妆品11彩妆化妆品11彩妆化妆品11彩妆化妆品11彩妆化妆品11彩妆化妆品11彩妆化妆品11彩妆化妆品11彩妆化妆品11\r\n</p>\r\n<p style=\"text-indent:2em;\">\r\n	彩妆化妆品11彩妆化妆品11彩妆化妆品11彩妆化妆品11彩妆化妆品11彩妆化妆品11彩妆化妆品11彩妆化妆品11彩妆化妆品11彩妆化妆品11彩妆化妆品11彩妆化妆品11彩妆化妆品11彩妆化妆品11彩妆化妆品11彩妆化妆品11彩妆化妆品11彩妆化妆品11彩妆化妆品11彩妆化妆品11彩妆化妆品11彩妆化妆品11彩妆化妆品11彩妆化妆品11彩妆化妆品11彩妆化妆品11彩妆化妆品11彩妆化妆品11彩妆化妆品11彩妆化妆品11彩妆化妆品11彩妆化妆品11彩妆化妆品11彩妆化妆品11彩妆化妆品11彩妆化妆品11彩妆化妆品11彩妆化妆品11\r\n</p>\r\n<p style=\"text-indent:2em;\">\r\n	彩妆化妆品11彩妆化妆品11彩妆化妆品11彩妆化妆品11彩妆化妆品11彩妆化妆品11彩妆化妆品11彩妆化妆品11彩妆化妆品11彩妆化妆品11彩妆化妆品11彩妆化妆品11彩妆化妆品11彩妆化妆品11彩妆化妆品11彩妆化妆品11彩妆化妆品11彩妆化妆品11彩妆化妆品11彩妆化妆品11彩妆化妆品11彩妆化妆品11彩妆化妆品11彩妆化妆品11彩妆化妆品11彩妆化妆品11彩妆化妆品11彩妆化妆品11彩妆化妆品11彩妆化妆品11彩妆化妆品11彩妆化妆品11\r\n</p>\r\n<p style=\"text-indent:2em;\">\r\n	彩妆化妆品11彩妆化妆品11彩妆化妆品11彩妆化妆品11彩妆化妆品11彩妆化妆品11彩妆化妆品11彩妆化妆品11彩妆化妆品11彩妆化妆品11彩妆化妆品11彩妆化妆品11彩妆化妆品11彩妆化妆品11彩妆化妆品11彩妆化妆品11彩妆化妆品11彩妆化妆品11彩妆化妆品11彩妆化妆品11彩妆化妆品11彩妆化妆品11彩妆化妆品11彩妆化妆品11彩妆化妆品11彩妆化妆品11彩妆化妆品11彩妆化妆品11彩妆化妆品11彩妆化妆品11彩妆化妆品11彩妆化妆品11彩妆化妆品11彩妆化妆品11彩妆化妆品11彩妆化妆品11彩妆化妆品11彩妆化妆品11彩妆化妆品11彩妆化妆品11彩妆化妆品11彩妆化妆品11彩妆化妆品11彩妆化妆品11彩妆化妆品11彩妆化妆品11彩妆化妆品11彩妆化妆品11彩妆化妆品11彩妆化妆品11彩妆化妆品11彩妆化妆品11彩妆化妆品11彩妆化妆品11彩妆化妆品11\r\n</p>\r\n<p style=\"text-align:center;text-indent:2em;\">\r\n	<img src=\"/z0caizhuangs/file/10.jpg\" alt=\"\" />\r\n</p>', '产地信息11', '特点信息11', '备注信息11', '2023-12-15 16:09:07', null, '250', '0', null, '65', null, null, null, null, '0', null, null, '/file/10.jpg', '10.jpg', '4', '化妆品类型四', null, null, null, null, null, null, null, '特价,进口', null, null, null, null, null, null, null, null, null, '1,2', null, null, null, null);
INSERT INTO `t_shuju` VALUES ('12', '彩妆化妆品12', '<p style=\"text-indent:2em;\">\r\n	彩妆化妆品12彩妆化妆品12彩妆化妆品12彩妆化妆品12彩妆化妆品12彩妆化妆品12彩妆化妆品12彩妆化妆品12彩妆化妆品12彩妆化妆品12彩妆化妆品12彩妆化妆品12彩妆化妆品12彩妆化妆品12彩妆化妆品12彩妆化妆品12彩妆化妆品12彩妆化妆品12彩妆化妆品12彩妆化妆品12彩妆化妆品12彩妆化妆品12彩妆化妆品12彩妆化妆品12彩妆化妆品12彩妆化妆品12彩妆化妆品12彩妆化妆品12彩妆化妆品12彩妆化妆品12彩妆化妆品12彩妆化妆品12彩妆化妆品12彩妆化妆品12彩妆化妆品12彩妆化妆品12彩妆化妆品12彩妆化妆品12彩妆化妆品12彩妆化妆品12彩妆化妆品12彩妆化妆品12彩妆化妆品12彩妆化妆品12彩妆化妆品12彩妆化妆品12彩妆化妆品12彩妆化妆品12彩妆化妆品12彩妆化妆品12彩妆化妆品12\r\n</p>\r\n<p style=\"text-indent:2em;\">\r\n	彩妆化妆品12彩妆化妆品12彩妆化妆品12彩妆化妆品12彩妆化妆品12彩妆化妆品12彩妆化妆品12彩妆化妆品12彩妆化妆品12彩妆化妆品12彩妆化妆品12彩妆化妆品12彩妆化妆品12彩妆化妆品12彩妆化妆品12彩妆化妆品12彩妆化妆品12彩妆化妆品12彩妆化妆品12彩妆化妆品12彩妆化妆品12彩妆化妆品12彩妆化妆品12彩妆化妆品12彩妆化妆品12彩妆化妆品12彩妆化妆品12彩妆化妆品12彩妆化妆品12彩妆化妆品12彩妆化妆品12彩妆化妆品12彩妆化妆品12彩妆化妆品12彩妆化妆品12彩妆化妆品12彩妆化妆品12彩妆化妆品12\r\n</p>\r\n<p style=\"text-indent:2em;\">\r\n	彩妆化妆品12彩妆化妆品12彩妆化妆品12彩妆化妆品12彩妆化妆品12彩妆化妆品12彩妆化妆品12彩妆化妆品12彩妆化妆品12彩妆化妆品12彩妆化妆品12彩妆化妆品12彩妆化妆品12彩妆化妆品12彩妆化妆品12彩妆化妆品12彩妆化妆品12彩妆化妆品12彩妆化妆品12彩妆化妆品12彩妆化妆品12彩妆化妆品12彩妆化妆品12彩妆化妆品12彩妆化妆品12彩妆化妆品12彩妆化妆品12彩妆化妆品12彩妆化妆品12彩妆化妆品12彩妆化妆品12彩妆化妆品12\r\n</p>\r\n<p style=\"text-indent:2em;\">\r\n	彩妆化妆品12彩妆化妆品12彩妆化妆品12彩妆化妆品12彩妆化妆品12彩妆化妆品12彩妆化妆品12彩妆化妆品12彩妆化妆品12彩妆化妆品12彩妆化妆品12彩妆化妆品12彩妆化妆品12彩妆化妆品12彩妆化妆品12彩妆化妆品12彩妆化妆品12彩妆化妆品12彩妆化妆品12彩妆化妆品12彩妆化妆品12彩妆化妆品12彩妆化妆品12彩妆化妆品12彩妆化妆品12彩妆化妆品12彩妆化妆品12彩妆化妆品12彩妆化妆品12彩妆化妆品12彩妆化妆品12彩妆化妆品12彩妆化妆品12彩妆化妆品12彩妆化妆品12彩妆化妆品12彩妆化妆品12彩妆化妆品12彩妆化妆品12彩妆化妆品12彩妆化妆品12彩妆化妆品12彩妆化妆品12彩妆化妆品12彩妆化妆品12彩妆化妆品12彩妆化妆品12彩妆化妆品12彩妆化妆品12彩妆化妆品12彩妆化妆品12彩妆化妆品12彩妆化妆品12彩妆化妆品12彩妆化妆品12\r\n</p>\r\n<p style=\"text-align:center;text-indent:2em;\">\r\n	<img src=\"/z0caizhuangs/file/11.jpg\" alt=\"\" />\r\n</p>', '产地信息12', '特点信息12', '备注信息12', '2023-12-15 16:09:07', null, '260', '0', null, '75', null, null, null, null, '0', null, null, '/file/11.jpg', '11.jpg', '5', '化妆品类型五', null, null, null, null, null, null, null, '进口,高端', null, null, null, null, null, null, null, null, null, '2,3', null, null, null, null);

-- ----------------------------
-- Table structure for `t_sjduochu`
-- ----------------------------
DROP TABLE IF EXISTS `t_sjduochu`;
CREATE TABLE `t_sjduochu` (
  `sjduochuId` int(11) NOT NULL auto_increment,
  `sjduochuName` varchar(255) default NULL,
  `sjduochuMark` longtext,
  `sjduochuMark1` longtext,
  `sjduochuMark2` longtext,
  `sjduochuMark3` longtext,
  `sjduochuDate` datetime default NULL,
  `sjduochuDate1` datetime default NULL,
  `sjduochuZong` int(11) default NULL,
  `sjduochuZong1` int(11) default NULL,
  `sjduochuZong2` int(11) default NULL,
  `sjduochuDouble` double default NULL,
  `sjduochuDouble1` double default NULL,
  `sjduochuDouble2` double default NULL,
  `sjduochuType` int(11) default NULL,
  `sjduochuType1` int(11) default NULL,
  `sjduochuType2` int(11) default NULL,
  `sjqitaId` int(11) default NULL,
  `sjqitaName` varchar(255) default NULL,
  `sjlaiyuanId` int(11) default NULL,
  `sjlaiyuanName` varchar(255) default NULL,
  `sjduochuImg` varchar(255) default NULL,
  `sjduochuImgName` varchar(255) default NULL,
  `shujuId` int(11) default NULL,
  `shujuName` varchar(255) default NULL,
  `sjleixingId` int(11) default NULL,
  `sjleixingName` varchar(255) default NULL,
  `sjxingtaiId` int(11) default NULL,
  `sjxingtaiName` varchar(255) default NULL,
  `userId` int(11) default NULL,
  `userName` varchar(255) default NULL,
  `bumenId` int(11) default NULL,
  `bumenName` varchar(255) default NULL,
  `buyuanId` int(11) default NULL,
  `buyuanName` varchar(255) default NULL,
  `yonghuId` int(11) default NULL,
  `yonghuName` varchar(255) default NULL,
  `byumenId` int(11) default NULL,
  `byumenName` varchar(255) default NULL,
  `byuyuanId` int(11) default NULL,
  `byuyuanName` varchar(255) default NULL,
  `buzhiId` int(11) default NULL,
  `buzhiName` varchar(255) default NULL,
  `roleId` int(11) default NULL,
  `roleName` varchar(255) default NULL,
  `byuzhiId` int(11) default NULL,
  `byuzhiName` varchar(255) default NULL,
  `yhroleId` int(11) default NULL,
  `yhroleName` varchar(255) default NULL,
  PRIMARY KEY  (`sjduochuId`)
) ENGINE=InnoDB AUTO_INCREMENT=5 DEFAULT CHARSET=utf8;

-- ----------------------------
-- Records of t_sjduochu
-- ----------------------------
INSERT INTO `t_sjduochu` VALUES ('1', '交流分享1', '<p style=\"text-indent:2em;\">\r\n	交流分享1交流分享1交流分享1交流分享1交流分享1交流分享1交流分享1交流分享1交流分享1交流分享1交流分享1交流分享1交流分享1交流分享1交流分享1交流分享1交流分享1交流分享1交流分享1交流分享1交流分享1交流分享1交流分享1交流分享1交流分享1交流分享1交流分享1交流分享1交流分享1交流分享1交流分享1交流分享1交流分享1交流分享1交流分享1交流分享1交流分享1交流分享1交流分享1交流分享1交流分享1交流分享1交流分享1交流分享1交流分享1交流分享1交流分享1交流分享1交流分享1交流分享1交流分享1交流分享1交流分享1\r\n</p>\r\n<p style=\"text-align:center;text-indent:2em;\">\r\n	<img src=\"/z0caizhuangs/file/21.jpg\" alt=\"\" />\r\n</p>', null, null, null, '2023-12-15 16:09:07', null, null, null, null, null, null, null, '0', null, null, null, null, null, null, '/file/21.jpg', '21.jpg', null, null, null, null, '1', '交流类型一', '1', 'yonghu11', null, null, null, '特价,进口', null, null, null, null, null, null, null, null, null, null, null, null, null, null);
INSERT INTO `t_sjduochu` VALUES ('2', '交流分享2', '<p style=\"text-indent:2em;\">\r\n	交流分享交流分享交流分享交流分享交流分享交流分享交流分享交流分享交流分享交流分享交流分享交流分享交流分享交流分享交流分享交流分享交流分享交流分享交流分享交流分享交流分享交流分享交流分享交流分享交流分享交流分享交流分享交流分享交流分享交流分享交流分享交流分享交流分享交流分享交流分享交流分享交流分享交流分享交流分享交流分享交流分享交流分享交流分享交流分享交流分享交流分享交流分享交流分享交流分享交流分享交流分享交流分享交流分享交流分享交流分享交流分享交流分享交流分享交流分享交流分享交流分享交流分享交流分享交流分享交流分享交流分享交流分享交流分享交流分享交流分享交流分享交流分享交流分享交流分享交流分享交流分享交流分享交流分享交流分享交流分享交流分享交流分享交流分享交流分享交流分享交流分享交流分享交流分享交流分享交流分享交流分享交流分享交流分享交流分享交流分享交流分享交流分享交流分享交流分享交流分享交流分享交流分享交流分享交流分享交流分享交流分享交流分享交流分享交流分享交流分享交流分享交流分享交流分享交流分享交流分享交流分享交流分享交流分享交流分享交流分享交流分享交流分享交流分享\r\n</p>\r\n<p style=\"text-align:center;text-indent:2em;\">\r\n	<img src=\"/z0caizhuangs/file/22.jpg\" alt=\"\" />\r\n</p>', null, null, null, '2023-12-15 16:09:07', null, null, null, null, null, null, null, '0', null, null, null, null, null, null, '/file/22.jpg', '22.jpg', null, null, null, null, '2', '交流类型二', '1', 'yonghu11', null, null, null, '特价,进口', null, null, null, null, null, null, null, null, null, null, null, null, null, null);
INSERT INTO `t_sjduochu` VALUES ('3', '交流分享3', '<p style=\"text-indent:2em;\">\r\n	交流分享交流分享交流分享交流分享交流分享交流分享交流分享交流分享交流分享交流分享交流分享交流分享交流分享交流分享交流分享交流分享交流分享交流分享交流分享交流分享交流分享交流分享交流分享交流分享交流分享交流分享交流分享交流分享交流分享交流分享交流分享交流分享交流分享交流分享交流分享交流分享交流分享交流分享交流分享交流分享交流分享交流分享交流分享交流分享交流分享交流分享交流分享交流分享交流分享交流分享交流分享交流分享交流分享交流分享交流分享交流分享交流分享交流分享交流分享交流分享交流分享交流分享交流分享交流分享交流分享交流分享交流分享交流分享交流分享交流分享交流分享交流分享交流分享交流分享交流分享交流分享交流分享交流分享交流分享交流分享交流分享交流分享交流分享交流分享交流分享交流分享交流分享交流分享交流分享交流分享交流分享交流分享交流分享交流分享交流分享交流分享交流分享交流分享交流分享交流分享交流分享交流分享交流分享交流分享交流分享交流分享交流分享交流分享交流分享交流分享交流分享交流分享交流分享交流分享交流分享交流分享交流分享交流分享交流分享交流分享交流分享交流分享交流分享\r\n</p>\r\n<p style=\"text-align:center;text-indent:2em;\">\r\n	<img src=\"/z0caizhuangs/file/23.jpg\" alt=\"\" />\r\n</p>', null, null, null, '2023-12-15 16:09:07', null, null, null, null, null, null, null, '0', null, null, null, null, null, null, '/file/23.jpg', '23.jpg', null, null, null, null, '3', '交流类型三', '1', 'yonghu11', null, null, null, '特价,进口', null, null, null, null, null, null, null, null, null, null, null, null, null, null);
INSERT INTO `t_sjduochu` VALUES ('4', '交流分享4', '<p style=\"text-indent:2em;\">\r\n	交流分享交流分享交流分享交流分享交流分享交流分享交流分享交流分享交流分享交流分享交流分享交流分享交流分享交流分享交流分享交流分享交流分享交流分享交流分享交流分享交流分享交流分享交流分享交流分享交流分享交流分享交流分享交流分享交流分享交流分享交流分享交流分享交流分享交流分享交流分享交流分享交流分享交流分享交流分享交流分享交流分享交流分享交流分享交流分享交流分享交流分享交流分享交流分享交流分享交流分享交流分享交流分享交流分享交流分享交流分享交流分享交流分享交流分享交流分享交流分享交流分享交流分享交流分享交流分享交流分享交流分享交流分享交流分享交流分享交流分享交流分享交流分享交流分享交流分享交流分享交流分享交流分享交流分享交流分享交流分享交流分享交流分享交流分享交流分享交流分享交流分享交流分享交流分享交流分享交流分享交流分享交流分享交流分享交流分享交流分享交流分享交流分享交流分享交流分享交流分享交流分享交流分享交流分享交流分享交流分享交流分享交流分享交流分享交流分享交流分享交流分享交流分享交流分享交流分享交流分享交流分享交流分享交流分享交流分享交流分享交流分享交流分享交流分享\r\n</p>\r\n<p style=\"text-align:center;text-indent:2em;\">\r\n	<img src=\"/z0caizhuangs/file/24.jpg\" alt=\"\" />\r\n</p>', null, null, null, '2023-12-15 16:09:07', null, null, null, null, null, null, null, '0', null, null, null, null, null, null, '/file/24.jpg', '24.jpg', null, null, null, null, '4', '交流类型四', '1', 'yonghu11', null, null, null, '特价,进口', null, null, null, null, null, null, null, null, null, null, null, null, null, null);

-- ----------------------------
-- Table structure for `t_sjleixing`
-- ----------------------------
DROP TABLE IF EXISTS `t_sjleixing`;
CREATE TABLE `t_sjleixing` (
  `sjleixingId` int(11) NOT NULL auto_increment,
  `sjleixingName` varchar(255) default NULL,
  `sjleixingMark` varchar(255) default NULL,
  `sjleixingMark1` varchar(255) default NULL,
  `sjleixingMark2` varchar(255) default NULL,
  `sjleixingPhone` varchar(255) default NULL,
  `sjleixingDizhi` varchar(255) default NULL,
  `sjleixingDate` datetime default NULL,
  `sjleixingDate1` datetime default NULL,
  `sjleixingType` int(11) default NULL,
  `sjleixingType1` int(11) default NULL,
  `sjleixingDouble` double default NULL,
  `sjleixingDouble1` double default NULL,
  PRIMARY KEY  (`sjleixingId`)
) ENGINE=InnoDB AUTO_INCREMENT=6 DEFAULT CHARSET=utf8;

-- ----------------------------
-- Records of t_sjleixing
-- ----------------------------
INSERT INTO `t_sjleixing` VALUES ('1', '化妆品类型一', '化妆品类型', null, null, null, null, null, null, null, null, null, null);
INSERT INTO `t_sjleixing` VALUES ('2', '化妆品类型二', '化妆品类型', null, null, null, null, null, null, null, null, null, null);
INSERT INTO `t_sjleixing` VALUES ('3', '化妆品类型三', '化妆品类型', null, null, null, null, null, null, null, null, null, null);
INSERT INTO `t_sjleixing` VALUES ('4', '化妆品类型四', '化妆品类型', null, null, null, null, null, null, null, null, null, null);
INSERT INTO `t_sjleixing` VALUES ('5', '化妆品类型五', '化妆品类型', null, null, null, null, null, null, null, null, null, null);

-- ----------------------------
-- Table structure for `t_sjlianjie`
-- ----------------------------
DROP TABLE IF EXISTS `t_sjlianjie`;
CREATE TABLE `t_sjlianjie` (
  `sjlianjieId` int(11) NOT NULL auto_increment,
  `sjlianjieName` varchar(255) default NULL,
  `sjlianjieMark` varchar(255) default NULL,
  `sjlianjieMark1` varchar(255) default NULL,
  `sjlianjieMark2` varchar(255) default NULL,
  `sjlianjiePhone` varchar(255) default NULL,
  `sjlianjieDizhi` varchar(255) default NULL,
  `sjlianjieDate` datetime default NULL,
  `sjlianjieDate1` datetime default NULL,
  `sjlianjieType` int(11) default NULL,
  `sjlianjieType1` int(11) default NULL,
  `sjlianjieDouble` double default NULL,
  `sjlianjieDouble1` double default NULL,
  PRIMARY KEY  (`sjlianjieId`)
) ENGINE=InnoDB AUTO_INCREMENT=6 DEFAULT CHARSET=utf8;

-- ----------------------------
-- Records of t_sjlianjie
-- ----------------------------
INSERT INTO `t_sjlianjie` VALUES ('1', '百度', 'http://www.baidu.com', null, null, null, null, '2023-12-15 16:09:07', null, null, null, null, null);
INSERT INTO `t_sjlianjie` VALUES ('2', '腾讯', 'http://www.qq.com', null, null, null, null, '2023-12-15 16:09:07', null, null, null, null, null);
INSERT INTO `t_sjlianjie` VALUES ('3', '淘宝', 'http://www.taobao.com', null, null, null, null, '2023-12-15 16:09:07', null, null, null, null, null);
INSERT INTO `t_sjlianjie` VALUES ('4', '新浪', 'http://www.sina.com.cn', null, null, null, null, '2023-12-15 16:09:07', null, null, null, null, null);
INSERT INTO `t_sjlianjie` VALUES ('5', '微博', 'http://weibo.com', null, null, null, null, '2023-12-15 16:09:07', null, null, null, null, null);

-- ----------------------------
-- Table structure for `t_sjpinglun`
-- ----------------------------
DROP TABLE IF EXISTS `t_sjpinglun`;
CREATE TABLE `t_sjpinglun` (
  `sjpinglunId` int(11) NOT NULL auto_increment,
  `sjpinglunName` text,
  `sjpinglunMark` text,
  `sjpinglunDate` datetime default NULL,
  `sjpinglunDate1` datetime default NULL,
  `sjpinglunType` int(11) default NULL,
  `sjpinglunType1` int(11) default NULL,
  `sjpinglunImg` varchar(255) default NULL,
  `sjpinglunImgName` varchar(255) default NULL,
  `shujuId` int(11) default NULL,
  `shujuName` varchar(255) default NULL,
  `sjleixingId` int(11) default NULL,
  `sjleixingName` varchar(255) default NULL,
  `userId` int(11) default NULL,
  `userName` varchar(255) default NULL,
  `bumenId` int(11) default NULL,
  `bumenName` varchar(255) default NULL,
  `buyuanId` int(11) default NULL,
  `buyuanName` varchar(255) default NULL,
  `yonghuId` int(11) default NULL,
  `yonghuName` varchar(255) default NULL,
  `byumenId` int(11) default NULL,
  `byumenName` varchar(255) default NULL,
  `byuyuanId` int(11) default NULL,
  `byuyuanName` varchar(255) default NULL,
  `buzhiId` int(11) default NULL,
  `buzhiName` varchar(255) default NULL,
  `roleId` int(11) default NULL,
  `roleName` varchar(255) default NULL,
  `byuzhiId` int(11) default NULL,
  `byuzhiName` varchar(255) default NULL,
  `yhroleId` int(11) default NULL,
  `yhroleName` varchar(255) default NULL,
  PRIMARY KEY  (`sjpinglunId`)
) ENGINE=InnoDB AUTO_INCREMENT=2 DEFAULT CHARSET=utf8;

-- ----------------------------
-- Records of t_sjpinglun
-- ----------------------------
INSERT INTO `t_sjpinglun` VALUES ('1', '爱读书方法反反复复反反复复反反复复反反复复反反复复反反复复反反复复', null, '2023-12-15 16:09:07', null, '0', '4', null, null, '7', '彩妆化妆品7', '2', '化妆品类型二', '1', 'yonghu11', null, null, null, '特价,进口', null, null, null, null, null, null, null, null, null, null, null, null, null, null);

-- ----------------------------
-- Table structure for `t_sjqita`
-- ----------------------------
DROP TABLE IF EXISTS `t_sjqita`;
CREATE TABLE `t_sjqita` (
  `sjqitaId` int(11) NOT NULL auto_increment,
  `sjqitaName` varchar(255) default NULL,
  `sjqitaMark` varchar(255) default NULL,
  `sjqitaMark1` varchar(255) default NULL,
  `sjqitaMark2` varchar(255) default NULL,
  `sjqitaPhone` varchar(255) default NULL,
  `sjqitaDizhi` varchar(255) default NULL,
  `sjqitaDate` datetime default NULL,
  `sjqitaDate1` datetime default NULL,
  `sjqitaType` int(11) default NULL,
  `sjqitaType1` int(11) default NULL,
  `sjqitaDouble` double default NULL,
  `sjqitaDouble1` double default NULL,
  PRIMARY KEY  (`sjqitaId`)
) ENGINE=InnoDB AUTO_INCREMENT=2 DEFAULT CHARSET=utf8;

-- ----------------------------
-- Records of t_sjqita
-- ----------------------------
INSERT INTO `t_sjqita` VALUES ('1', '发的撒啊啊啊啊啊啊啊啊啊啊啊啊啊啊啊啊啊啊啊啊啊啊啊啊啊啊啊啊', null, null, null, 'yonghu11', '交流分享1', '2023-12-15 16:09:07', null, '1', '1', null, null);

-- ----------------------------
-- Table structure for `t_sjshaochu`
-- ----------------------------
DROP TABLE IF EXISTS `t_sjshaochu`;
CREATE TABLE `t_sjshaochu` (
  `sjshaochuId` int(11) NOT NULL auto_increment,
  `sjshaochuName` varchar(255) default NULL,
  `sjshaochuMark` varchar(2550) default NULL,
  `sjshaochuMark1` varchar(2550) default NULL,
  `sjshaochuMark2` varchar(2550) default NULL,
  `sjshaochuMark3` varchar(2550) default NULL,
  `sjshaochuDate` datetime default NULL,
  `sjshaochuDate1` datetime default NULL,
  `sjshaochuZong` int(11) default NULL,
  `sjshaochuZong1` int(11) default NULL,
  `sjshaochuZong2` int(11) default NULL,
  `sjshaochuDouble` double default NULL,
  `sjshaochuDouble1` double default NULL,
  `sjshaochuDouble2` double default NULL,
  `sjshaochuType` int(11) default NULL,
  `sjshaochuType1` int(11) default NULL,
  `sjshaochuType2` int(11) default NULL,
  `sjqitaId` int(11) default NULL,
  `sjqitaName` varchar(255) default NULL,
  `sjlaiyuanId` int(11) default NULL,
  `sjlaiyuanName` varchar(255) default NULL,
  `sjshaochuImg` varchar(255) default NULL,
  `sjshaochuImgName` varchar(255) default NULL,
  `shujuId` int(11) default NULL,
  `shujuName` varchar(255) default NULL,
  `sjleixingId` int(11) default NULL,
  `sjleixingName` varchar(255) default NULL,
  `sjxingtaiId` int(11) default NULL,
  `sjxingtaiName` varchar(255) default NULL,
  `userId` int(11) default NULL,
  `userName` varchar(255) default NULL,
  `bumenId` int(11) default NULL,
  `bumenName` varchar(255) default NULL,
  `buyuanId` int(11) default NULL,
  `buyuanName` varchar(255) default NULL,
  `yonghuId` int(11) default NULL,
  `yonghuName` varchar(255) default NULL,
  `byumenId` int(11) default NULL,
  `byumenName` varchar(255) default NULL,
  `byuyuanId` int(11) default NULL,
  `byuyuanName` varchar(255) default NULL,
  `buzhiId` int(11) default NULL,
  `buzhiName` varchar(255) default NULL,
  `roleId` int(11) default NULL,
  `roleName` varchar(255) default NULL,
  `byuzhiId` int(11) default NULL,
  `byuzhiName` varchar(255) default NULL,
  `yhroleId` int(11) default NULL,
  `yhroleName` varchar(255) default NULL,
  PRIMARY KEY  (`sjshaochuId`)
) ENGINE=InnoDB AUTO_INCREMENT=10 DEFAULT CHARSET=utf8;

-- ----------------------------
-- Records of t_sjshaochu
-- ----------------------------
INSERT INTO `t_sjshaochu` VALUES ('1', '顺丰', '123456', '13012345678', 'yonghu11yonghu11yonghu11', null, '2023-12-15 16:09:07', null, '2', null, null, '65', '130', null, '3', null, null, null, null, null, null, null, null, '11', '彩妆化妆品11', '4', '化妆品类型四', null, null, '1', 'yonghu11', null, null, null, '特价,进口', null, null, null, null, null, null, null, null, null, null, null, null, null, null);
INSERT INTO `t_sjshaochu` VALUES ('2', '顺丰', '123456', '13012345678', 'yonghu11yonghu11yonghu11', null, '2023-12-15 16:09:07', null, '3', null, null, '60', '180', null, '3', null, null, null, null, null, null, null, null, '1', '彩妆化妆品1', '1', '化妆品类型一', null, null, '1', 'yonghu11', null, null, null, '特价,进口', null, null, null, null, null, null, null, null, null, null, null, null, null, null);
INSERT INTO `t_sjshaochu` VALUES ('3', '顺丰', '123456', '13012345678', 'yonghu11yonghu11yonghu11', null, '2023-12-15 16:09:07', null, '6', null, null, '90', '540', null, '3', null, null, null, null, null, null, null, null, '3', '彩妆化妆品3', '3', '化妆品类型三', null, null, '1', 'yonghu11', null, null, null, '特价,进口', null, null, null, null, null, null, null, null, null, null, null, null, null, null);
INSERT INTO `t_sjshaochu` VALUES ('4', '顺丰', '123456', '13012345678', 'yonghu11yonghu11yonghu11', null, '2023-12-15 16:09:07', null, '1', null, null, '30', '30', null, '3', null, null, null, null, null, null, null, null, '7', '彩妆化妆品7', '2', '化妆品类型二', null, null, '1', 'yonghu11', null, null, null, '特价,进口', null, null, null, null, null, null, null, null, null, null, null, null, null, null);

-- ----------------------------
-- Table structure for `t_sjxiaoxi`
-- ----------------------------
DROP TABLE IF EXISTS `t_sjxiaoxi`;
CREATE TABLE `t_sjxiaoxi` (
  `sjxiaoxiId` int(11) NOT NULL auto_increment,
  `sjxiaoxiName` varchar(255) default NULL,
  `sjxiaoxiMark` text,
  `sjxiaoxiMark1` varchar(255) default NULL,
  `sjxiaoxiMark2` varchar(255) default NULL,
  `sjxiaoxiPhone` varchar(255) default NULL,
  `sjxiaoxiDizhi` varchar(255) default NULL,
  `sjxiaoxiDate` datetime default NULL,
  `sjxiaoxiDate1` datetime default NULL,
  `sjxiaoxiType` int(11) default NULL,
  `sjxiaoxiType1` int(11) default NULL,
  `sjxiaoxiDouble` double default NULL,
  `sjxiaoxiDouble1` double default NULL,
  PRIMARY KEY  (`sjxiaoxiId`)
) ENGINE=InnoDB AUTO_INCREMENT=3 DEFAULT CHARSET=utf8;

-- ----------------------------
-- Records of t_sjxiaoxi
-- ----------------------------
INSERT INTO `t_sjxiaoxi` VALUES ('1', '关于我们', '<p style=\"text-indent:2em;\">\r\n	关于我们关于我们关于我们关于我们关于我们关于我们关于我们关于我们关于我们关于我们关于我们关于我们关于我们关于我们关于我们关于我们关于我们关于我们关于我们关于我们关于我们关于我们关于我们关于我们关于我们关于我们关于我们关于我们关于我们关于我们关于我们关于我们关于我们关于我们关于我们关于我们关于我们关于我们关于我们关于我们关于我们关于我们关于我们关于我们关于我们关于我们关于我们关于我们关于我们关于我们关于我们关于我们关于我们关于我们关于我们关于我们关于我们关于我们关于我们关于我们关于我们关于我们关于我们关于我们关于我们关于我们关于我们关于我们关于我们关于我们关于我们关于我们关于我们关于我们关于我们关于我们关于我们关于我们关于我们关于我们关于我们关于我们关于我们关于我们关于我们关于我们关于我们关于我们关于我们关于我们关于我们关于我们关于我们关于我们关于我们关于我们\r\n</p>\r\n<p style=\"text-indent:2em;\">\r\n	关于我们关于我们关于我们关于我们关于我们关于我们关于我们关于我们关于我们关于我们关于我们关于我们关于我们关于我们关于我们关于我们关于我们关于我们关于我们关于我们关于我们关于我们关于我们关于我们关于我们关于我们关于我们关于我们关于我们关于我们关于我们关于我们关于我们关于我们关于我们关于我们关于我们关于我们关于我们关于我们关于我们关于我们关于我们关于我们关于我们关于我们关于我们关于我们关于我们关于我们关于我们关于我们关于我们关于我们关于我们关于我们关于我们关于我们关于我们关于我们关于我们关于我们关于我们关于我们关于我们关于我们关于我们关于我们关于我们关于我们关于我们关于我们关于我们关于我们关于我们关于我们关于我们关于我们关于我们关于我们关于我们关于我们关于我们关于我们关于我们关于我们关于我们关于我们关于我们关于我们关于我们关于我们关于我们关于我们关于我们关于我们关于我们关于我们关于我们关于我们关于我们关于我们关于我们关于我们关于我们关于我们关于我们关于我们关于我们关于我们关于我们关于我们关于我们关于我们关于我们关于我们关于我们关于我们关于我们关于我们关于我们关于我们关于我们关于我们关于我们关于我们关于我们关于我们关于我们关于我们关于我们关于我们关于我们关于我们关于我们关于我们关于我们关于我们关于我们关于我们关于我们关于我们关于我们关于我们关于我们关于我们关于我们关于我们关于我们关于我们关于我们关于我们关于我们关于我们关于我们关于我们关于我们关于我们关于我们关于我们关于我们关于我们关于我们关于我们关于我们关于我们关于我们关于我们关于我们关于我们关于我们关于我们关于我们关于我们关于我们关于我们关于我们关于我们关于我们关于我们关于我们关于我们关于我们关于我们关于我们关于我们关于我们关于我们关于我们关于我们关于我们关于我们关于我们关于我们关于我们关于我们关于我们关于我们关于我们关于我们关于我们关于我们关于我们关于我们关于我们关于我们关于我们关于我们关于我们关于我们关于我们关于我们关于我们关于我们关于我们关于我们关于我们关于我们关于我们关于我们关于我们关于我们关于我们关于我们关于我们关于我们关于我们关于我们关于我们关于我们关于我们关于我们关于我们关于我们关于我们关于我们关于我们关于我们关于我们关于我们关于我们关于我们关于我们关于我们关于我们关于我们关于我们关于我们关于我们关于我们关于我们关于我们关于我们关于我们关于我们关于我们关于我们关于我们关于我们关于我们关于我们关于我们关于我们关于我们\r\n</p>', '关于我们关于我们关于我们关于我们关于我们关于我们关于我们关于我们关于我们关于我们关于我们关于我们关于我们关于我们关于我们关于我们关于我们关于我们关于我们关于我们关于我们关于我们关于我们关于我们关于我们关于我们关于我们关于我们关于我们关', null, null, null, '2023-12-15 16:09:07', null, null, null, null, null);
INSERT INTO `t_sjxiaoxi` VALUES ('2', '联系我们', '<p style=\"text-indent:2em;\">\r\n	联系我们联系我们联系我们联系我们联系我们联系我们联系我们联系我们联系我们联系我们联系我们联系我们联系我们联系我们联系我们联系我们联系我们联系我们联系我们联系我们联系我们联系我们联系我们联系我们联系我们联系我们联系我们联系我们联系我们联系我们联系我们联系我们联系我们联系我们联系我们联系我们联系我们联系我们联系我们联系我们联系我们联系我们联系我们联系我们联系我们联系我们联系我们联系我们联系我们联系我们联系我们联系我们联系我们联系我们联系我们联系我们联系我们联系我们联系我们联系我们联系我们联系我们联系我们联系我们联系我们联系我们联系我们联系我们\r\n</p>\r\n<p style=\"text-indent:2em;\">\r\n	联系我们联系我们联系我们联系我们联系我们联系我们联系我们联系我们联系我们联系我们联系我们联系我们联系我们联系我们联系我们联系我们联系我们联系我们联系我们联系我们联系我们联系我们联系我们联系我们联系我们联系我们联系我们联系我们联系我们联系我们联系我们联系我们联系我们联系我们联系我们联系我们联系我们联系我们联系我们联系我们联系我们联系我们联系我们联系我们联系我们联系我们联系我们联系我们联系我们联系我们联系我们联系我们联系我们联系我们联系我们联系我们联系我们联系我们联系我们联系我们联系我们联系我们联系我们联系我们联系我们联系我们联系我们联系我们联系我们联系我们联系我们联系我们联系我们联系我们联系我们联系我们联系我们联系我们联系我们联系我们联系我们联系我们联系我们联系我们联系我们联系我们联系我们联系我们联系我们联系我们联系我们联系我们联系我们联系我们联系我们联系我们联系我们联系我们联系我们联系我们联系我们联系我们联系我们联系我们联系我们联系我们联系我们联系我们联系我们联系我们联系我们联系我们联系我们联系我们联系我们联系我们联系我们联系我们联系我们联系我们联系我们联系我们联系我们联系我们联系我们联系我们联系我们联系我们联系我们联系我们联系我们联系我们联系我们联系我们联系我们联系我们联系我们联系我们联系我们联系我们联系我们联系我们联系我们联系我们联系我们联系我们联系我们联系我们联系我们联系我们联系我们联系我们联系我们联系我们联系我们联系我们联系我们联系我们联系我们联系我们联系我们联系我们联系我们联系我们联系我们联系我们联系我们联系我们联系我们联系我们联系我们联系我们联系我们联系我们联系我们联系我们联系我们联系我们联系我们联系我们联系我们联系我们联系我们联系我们联系我们联系我们联系我们联系我们联系我们联系我们联系我们联系我们联系我们联系我们联系我们联系我们联系我们联系我们联系我们联系我们联系我们联系我们联系我们联系我们联系我们联系我们联系我们联系我们联系我们联系我们联系我们联系我们联系我们联系我们联系我们联系我们联系我们联系我们联系我们联系我们联系我们联系我们联系我们联系我们联系我们联系我们联系我们联系我们联系我们联系我们联系我们联系我们联系我们联系我们联系我们联系我们\r\n</p>\r\n<p style=\"text-indent:2em;\">\r\n	联系我们联系我们联系我们联系我们联系我们联系我们联系我们联系我们联系我们联系我们联系我们联系我们联系我们联系我们联系我们联系我们联系我们联系我们联系我们联系我们联系我们联系我们联系我们联系我们联系我们联系我们联系我们联系我们联系我们联系我们联系我们联系我们联系我们联系我们联系我们联系我们联系我们联系我们联系我们联系我们联系我们联系我们联系我们联系我们联系我们联系我们联系我们联系我们联系我们联系我们联系我们联系我们联系我们联系我们联系我们联系我们联系我们联系我们联系我们联系我们联系我们联系我们联系我们联系我们联系我们联系我们联系我们联系我们联系我们联系我们联系我们联系我们联系我们联系我们联系我们联系我们联系我们联系我们联系我们联系我们联系我们联系我们联系我们联系我们联系我们联系我们联系我们联系我们联系我们联系我们联系我们联系我们联系我们联系我们联系我们联系我们联系我们联系我们联系我们联系我们联系我们联系我们联系我们联系我们联系我们联系我们联系我们联系我们联系我们联系我们联系我们联系我们联系我们联系我们联系我们联系我们联系我们联系我们联系我们联系我们联系我们联系我们联系我们联系我们联系我们联系我们联系我们联系我们联系我们联系我们联系我们联系我们联系我们联系我们联系我们联系我们联系我们联系我们联系我们联系我们联系我们联系我们联系我们联系我们联系我们联系我们联系我们联系我们联系我们联系我们联系我们联系我们联系我们联系我们联系我们联系我们联系我们联系我们联系我们联系我们联系我们联系我们联系我们联系我们联系我们联系我们联系我们联系我们联系我们联系我们联系我们联系我们联系我们联系我们联系我们联系我们联系我们联系我们联系我们联系我们联系我们联系我们联系我们联系我们联系我们联系我们联系我们联系我们联系我们联系我们联系我们联系我们联系我们联系我们联系我们联系我们联系我们联系我们联系我们联系我们联系我们联系我们联系我们联系我们联系我们联系我们联系我们联系我们联系我们联系我们联系我们联系我们联系我们联系我们联系我们联系我们联系我们联系我们联系我们联系我们联系我们联系我们联系我们联系我们联系我们联系我们联系我们联系我们联系我们联系我们联系我们联系我们联系我们联系我们联系我们联系我们联系我们联系我们联系我们联系我们联系我们联系我们联系我们联系我们联系我们联系我们联系我们联系我们联系我们联系我们联系我们联系我们联系我们联系我们联系我们联系我们联系我们联系我们联系我们联系我们联系我们联系我们联系我们联系我们联系我们联系我们联系我们联系我们联系我们联系我们联系我们联系我们联系我们联系我们联系我们联系我们联系我们联系我们联系我们联系我们联系我们联系我们联系我们联系我们联系我们联系我们联系我们联系我们联系我们联系我们联系我们联系我们联系我们联系我们联系我们联系我们联系我们联系我们联系我们联系我们联系我们联系我们联系我们联系我们联系我们联系我们联系我们联系我们联系我们联系我们联系我们联系我们联系我们联系我们联系我们联系我们联系我们联系我们联系我们联系我们联系我们联系我们联系我们联系我们联系我们联系我们联系我们联系我们联系我们联系我们联系我们联系我们联系我们联系我们联系我们联系我们联系我们联系我们联系我们联系我们联系我们联系我们联系我们联系我们联系我们联系我们联系我们联系我们联系我们联系我们联系我们联系我们联系我们联系我们联系我们联系我们联系我们联系我们联系我们联系我们联系我们联系我们联系我们联系我们联系我们联系我们联系我们联系我们联系我们联系我们联系我们联系我们联系我们联系我们联系我们联系我们联系我们联系我们联系我们联系我们联系我们联系我们联系我们联系我们联系我们联系我们联系我们联系我们联系我们联系我们联系我们联系我们联系我们联系我们联系我们联系我们联系我们联系我们联系我们联系我们联系我们联系我们联系我们联系我们联系我们联系我们联系我们联系我们联系我们联系我们联系我们联系我们联系我们联系我们联系我们联系我们联系我们联系我们联系我们联系我们联系我们联系我们联系我们联系我们联系我们联系我们联系我们联系我们联系我们联系我们联系我们联系我们联系我们联系我们联系我们联系我们联系我们联系我们联系我们联系我们联系我们联系我们联系我们联系我们联系我们联系我们联系我们联系我们联系我们联系我们联系我们联系我们联系我们联系我们联系我们联系我们联系我们联系我们联系我们联系我们联系我们联系我们联系我们联系我们联系我们联系我们联系我们联系我们联系我们联系我们联系我们联系我们联系我们联系我们联系我们联系我们联系我们联系我们联系我们联系我们联系我们联系我们联系我们联系我们联系我们联系我们联系我们联系我们联系我们联系我们联系我们联系我们联系我们联系我们联系我们联系我们联系我们联系我们联系我们联系我们联系我们联系我们\r\n</p>\r\n<p style=\"text-indent:2em;\">\r\n	联系我们联系我们联系我们联系我们联系我们联系我们联系我们联系我们联系我们联系我们联系我们联系我们联系我们联系我们联系我们联系我们联系我们联系我们联系我们联系我们联系我们联系我们联系我们联系我们联系我们联系我们联系我们联系我们联系我们联系我们联系我们联系我们联系我们联系我们联系我们联系我们联系我们联系我们联系我们联系我们联系我们联系我们联系我们联系我们联系我们联系我们联系我们联系我们联系我们联系我们联系我们联系我们联系我们联系我们联系我们联系我们\r\n</p>', '联系我们联系我们联系我们联系我们联系我们联系我们联系我们联系我们联系我们联系我们联系我们联系我们联系我们联系我们联系我们联系我们联系我们联系我们联系我们联系我们联系我们联系我们联系我们联系我们联系我们联系我们联系我们联系我们联系我们联', null, null, null, '2023-12-15 16:09:07', null, null, null, null, null);

-- ----------------------------
-- Table structure for `t_sjxingtai`
-- ----------------------------
DROP TABLE IF EXISTS `t_sjxingtai`;
CREATE TABLE `t_sjxingtai` (
  `sjxingtaiId` int(11) NOT NULL auto_increment,
  `sjxingtaiName` varchar(255) default NULL,
  `sjxingtaiMark` varchar(255) default NULL,
  `sjxingtaiMark1` varchar(255) default NULL,
  `sjxingtaiMark2` varchar(255) default NULL,
  `sjxingtaiPhone` varchar(255) default NULL,
  `sjxingtaiDizhi` varchar(255) default NULL,
  `sjxingtaiDate` datetime default NULL,
  `sjxingtaiDate1` datetime default NULL,
  `sjxingtaiType` int(11) default NULL,
  `sjxingtaiType1` int(11) default NULL,
  `sjxingtaiDouble` double default NULL,
  `sjxingtaiDouble1` double default NULL,
  PRIMARY KEY  (`sjxingtaiId`)
) ENGINE=InnoDB AUTO_INCREMENT=5 DEFAULT CHARSET=utf8;

-- ----------------------------
-- Records of t_sjxingtai
-- ----------------------------
INSERT INTO `t_sjxingtai` VALUES ('1', '交流类型一', '交流类型一', null, null, null, null, null, null, null, null, null, null);
INSERT INTO `t_sjxingtai` VALUES ('2', '交流类型二', '交流类型二', null, null, null, null, null, null, null, null, null, null);
INSERT INTO `t_sjxingtai` VALUES ('3', '交流类型三', '交流类型三', null, null, null, null, null, null, null, null, null, null);
INSERT INTO `t_sjxingtai` VALUES ('4', '交流类型四', '交流类型四', null, null, null, null, null, null, null, null, null, null);

-- ----------------------------
-- Table structure for `t_user`
-- ----------------------------
DROP TABLE IF EXISTS `t_user`;
CREATE TABLE `t_user` (
  `userId` int(11) NOT NULL auto_increment,
  `userName` varchar(255) default NULL,
  `userPassword` varchar(255) default NULL,
  `userXingming` varchar(255) default NULL,
  `userSex` int(11) default NULL,
  `userAge` int(11) default NULL,
  `userMinzu` varchar(255) default NULL,
  `userPhone` varchar(255) default NULL,
  `userMark` text,
  `userMark1` varchar(255) default NULL,
  `userMark2` varchar(255) default NULL,
  `userMark3` varchar(255) default NULL,
  `userMark4` varchar(255) default NULL,
  `userDate` datetime default NULL,
  `userDate1` datetime default NULL,
  `userDate2` datetime default NULL,
  `userType` int(11) default NULL,
  `userType1` int(11) default NULL,
  `userType2` int(11) default NULL,
  `userDouble` double default NULL,
  `userDouble1` double default NULL,
  `userDouble2` double default NULL,
  `userZong` int(11) default NULL,
  `userZong1` int(11) default NULL,
  `userZong2` int(11) default NULL,
  `userImg` varchar(255) default NULL,
  `userImgName` varchar(255) default NULL,
  `roleId` int(11) default NULL,
  `roleName` varchar(255) default NULL,
  `bumenId` int(11) default NULL,
  `bumenName` varchar(255) default NULL,
  `buyuanId` int(11) default NULL,
  `buyuanName` varchar(255) default NULL,
  `buzhiId` int(11) default NULL,
  `buzhiName` varchar(255) default NULL,
  PRIMARY KEY  (`userId`)
) ENGINE=InnoDB AUTO_INCREMENT=2 DEFAULT CHARSET=utf8;

-- ----------------------------
-- Records of t_user
-- ----------------------------
INSERT INTO `t_user` VALUES ('1', 'yonghu11', 'yonghu11', 'yonghu11', '0', '20', null, '13012345678', 'yonghu11yonghu11yonghu11', null, null, null, '1,1,2,10,11,12,8', '2023-12-15 16:09:07', null, null, '0', null, '1', '1380', '620', '0', null, null, null, null, null, null, '1,2', null, null, null, '特价,进口', null, null);

-- ----------------------------
-- Table structure for `t_uxinxi`
-- ----------------------------
DROP TABLE IF EXISTS `t_uxinxi`;
CREATE TABLE `t_uxinxi` (
  `uxinxiId` int(11) NOT NULL auto_increment,
  `uxinxiName` varchar(255) default NULL,
  `uxinxiMark` varchar(2550) default NULL,
  `uxinxiMark1` varchar(2550) default NULL,
  `uxinxiMark2` varchar(2550) default NULL,
  `uxinxiImg` varchar(255) default NULL,
  `uxinxiImgName` varchar(255) default NULL,
  `uxinxiDate` datetime default NULL,
  `uxinxiZong` int(11) default NULL,
  `uxinxiZong1` int(11) default NULL,
  `uxinxiZong2` int(11) default NULL,
  `uxinxiDouble` double default NULL,
  `uxinxiDouble1` double default NULL,
  `uxinxiDouble2` double default NULL,
  `uxinxiType` int(11) default NULL,
  `uxinxiType1` int(11) default NULL,
  `uxinxiType2` int(11) default NULL,
  `uxtypeId` int(11) default NULL,
  `uxtypeName` varchar(255) default NULL,
  `userId` int(11) default NULL,
  `userName` varchar(255) default NULL,
  `bumenId` int(11) default NULL,
  `bumenName` varchar(255) default NULL,
  `buyuanId` int(11) default NULL,
  `buyuanName` varchar(255) default NULL,
  `buzhiId` int(11) default NULL,
  `buzhiName` varchar(255) default NULL,
  `roleId` int(11) default NULL,
  `roleName` varchar(255) default NULL,
  PRIMARY KEY  (`uxinxiId`)
) ENGINE=InnoDB AUTO_INCREMENT=2 DEFAULT CHARSET=utf8;

-- ----------------------------
-- Records of t_uxinxi
-- ----------------------------
INSERT INTO `t_uxinxi` VALUES ('1', null, null, null, null, null, null, '2023-12-15 16:09:07', null, null, null, '2000', null, null, '0', null, null, null, null, '1', 'yonghu11', null, null, null, '特价,进口', null, null, null, null);

-- ----------------------------
-- Table structure for `t_uyijian`
-- ----------------------------
DROP TABLE IF EXISTS `t_uyijian`;
CREATE TABLE `t_uyijian` (
  `uyijianId` int(11) NOT NULL auto_increment,
  `uyijianName` varchar(255) default NULL,
  `uyijianMark` varchar(2550) default NULL,
  `uyijianMark1` varchar(2550) default NULL,
  `uyijianMark2` varchar(2550) default NULL,
  `uyijianImg` varchar(255) default NULL,
  `uyijianImgName` varchar(255) default NULL,
  `uyijianDate` datetime default NULL,
  `uyijianZong` int(11) default NULL,
  `uyijianZong1` int(11) default NULL,
  `uyijianZong2` int(11) default NULL,
  `uyijianDouble` double default NULL,
  `uyijianDouble1` double default NULL,
  `uyijianDouble2` double default NULL,
  `uyijianType` int(11) default NULL,
  `uyijianType1` int(11) default NULL,
  `uyijianType2` int(11) default NULL,
  `uxtypeId` int(11) default NULL,
  `uxtypeName` varchar(255) default NULL,
  `userId` int(11) default NULL,
  `userName` varchar(255) default NULL,
  `bumenId` int(11) default NULL,
  `bumenName` varchar(255) default NULL,
  `buyuanId` int(11) default NULL,
  `buyuanName` varchar(255) default NULL,
  `buzhiId` int(11) default NULL,
  `buzhiName` varchar(255) default NULL,
  `roleId` int(11) default NULL,
  `roleName` varchar(255) default NULL,
  PRIMARY KEY  (`uyijianId`)
) ENGINE=InnoDB DEFAULT CHARSET=utf8;

-- ----------------------------
-- Records of t_uyijian
-- ----------------------------
